[
{
    "model": "contenttypes.contenttype",
    "fields": {
        "app_label": "dcim",
        "model": "consoleport"
    }
},
{
    "model": "contenttypes.contenttype",
    "fields": {
        "app_label": "dcim",
        "model": "consoleserverport"
    }
},
{
    "model": "contenttypes.contenttype",
    "fields": {
        "app_label": "dcim",
        "model": "powerport"
    }
},
{
    "model": "contenttypes.contenttype",
    "fields": {
        "app_label": "dcim",
        "model": "poweroutlet"
    }
},
{
    "model": "contenttypes.contenttype",
    "fields": {
        "app_label": "dcim",
        "model": "interface"
    }
},
{
    "model": "contenttypes.contenttype",
    "fields": {
        "app_label": "circuits",
        "model": "circuittermination"
    }
},
{
    "model": "contenttypes.contenttype",
    "fields": {
        "app_label": "admin",
        "model": "logentry"
    }
},
{
    "model": "contenttypes.contenttype",
    "fields": {
        "app_label": "auth",
        "model": "permission"
    }
},
{
    "model": "contenttypes.contenttype",
    "fields": {
        "app_label": "auth",
        "model": "user"
    }
},
{
    "model": "contenttypes.contenttype",
    "fields": {
        "app_label": "auth",
        "model": "group"
    }
},
{
    "model": "contenttypes.contenttype",
    "fields": {
        "app_label": "contenttypes",
        "model": "contenttype"
    }
},
{
    "model": "contenttypes.contenttype",
    "fields": {
        "app_label": "sessions",
        "model": "session"
    }
},
{
    "model": "contenttypes.contenttype",
    "fields": {
        "app_label": "taggit",
        "model": "taggeditem"
    }
},
{
    "model": "contenttypes.contenttype",
    "fields": {
        "app_label": "taggit",
        "model": "tag"
    }
},
{
    "model": "contenttypes.contenttype",
    "fields": {
        "app_label": "circuits",
        "model": "circuittype"
    }
},
{
    "model": "contenttypes.contenttype",
    "fields": {
        "app_label": "circuits",
        "model": "circuit"
    }
},
{
    "model": "contenttypes.contenttype",
    "fields": {
        "app_label": "circuits",
        "model": "provider"
    }
},
{
    "model": "contenttypes.contenttype",
    "fields": {
        "app_label": "dcim",
        "model": "frontporttemplate"
    }
},
{
    "model": "contenttypes.contenttype",
    "fields": {
        "app_label": "dcim",
        "model": "devicebaytemplate"
    }
},
{
    "model": "contenttypes.contenttype",
    "fields": {
        "app_label": "dcim",
        "model": "inventoryitem"
    }
},
{
    "model": "contenttypes.contenttype",
    "fields": {
        "app_label": "dcim",
        "model": "manufacturer"
    }
},
{
    "model": "contenttypes.contenttype",
    "fields": {
        "app_label": "dcim",
        "model": "devicetype"
    }
},
{
    "model": "contenttypes.contenttype",
    "fields": {
        "app_label": "dcim",
        "model": "powerpanel"
    }
},
{
    "model": "contenttypes.contenttype",
    "fields": {
        "app_label": "dcim",
        "model": "consoleporttemplate"
    }
},
{
    "model": "contenttypes.contenttype",
    "fields": {
        "app_label": "dcim",
        "model": "powerporttemplate"
    }
},
{
    "model": "contenttypes.contenttype",
    "fields": {
        "app_label": "dcim",
        "model": "rackgroup"
    }
},
{
    "model": "contenttypes.contenttype",
    "fields": {
        "app_label": "dcim",
        "model": "platform"
    }
},
{
    "model": "contenttypes.contenttype",
    "fields": {
        "app_label": "dcim",
        "model": "region"
    }
},
{
    "model": "contenttypes.contenttype",
    "fields": {
        "app_label": "dcim",
        "model": "rackreservation"
    }
},
{
    "model": "contenttypes.contenttype",
    "fields": {
        "app_label": "dcim",
        "model": "poweroutlettemplate"
    }
},
{
    "model": "contenttypes.contenttype",
    "fields": {
        "app_label": "dcim",
        "model": "virtualchassis"
    }
},
{
    "model": "contenttypes.contenttype",
    "fields": {
        "app_label": "dcim",
        "model": "frontport"
    }
},
{
    "model": "contenttypes.contenttype",
    "fields": {
        "app_label": "dcim",
        "model": "rearport"
    }
},
{
    "model": "contenttypes.contenttype",
    "fields": {
        "app_label": "dcim",
        "model": "device"
    }
},
{
    "model": "contenttypes.contenttype",
    "fields": {
        "app_label": "dcim",
        "model": "consoleserverporttemplate"
    }
},
{
    "model": "contenttypes.contenttype",
    "fields": {
        "app_label": "dcim",
        "model": "devicebay"
    }
},
{
    "model": "contenttypes.contenttype",
    "fields": {
        "app_label": "dcim",
        "model": "cable"
    }
},
{
    "model": "contenttypes.contenttype",
    "fields": {
        "app_label": "dcim",
        "model": "devicerole"
    }
},
{
    "model": "contenttypes.contenttype",
    "fields": {
        "app_label": "dcim",
        "model": "rackrole"
    }
},
{
    "model": "contenttypes.contenttype",
    "fields": {
        "app_label": "dcim",
        "model": "powerfeed"
    }
},
{
    "model": "contenttypes.contenttype",
    "fields": {
        "app_label": "dcim",
        "model": "interfacetemplate"
    }
},
{
    "model": "contenttypes.contenttype",
    "fields": {
        "app_label": "dcim",
        "model": "rack"
    }
},
{
    "model": "contenttypes.contenttype",
    "fields": {
        "app_label": "dcim",
        "model": "site"
    }
},
{
    "model": "contenttypes.contenttype",
    "fields": {
        "app_label": "dcim",
        "model": "rearporttemplate"
    }
},
{
    "model": "contenttypes.contenttype",
    "fields": {
        "app_label": "ipam",
        "model": "ipaddress"
    }
},
{
    "model": "contenttypes.contenttype",
    "fields": {
        "app_label": "ipam",
        "model": "aggregate"
    }
},
{
    "model": "contenttypes.contenttype",
    "fields": {
        "app_label": "ipam",
        "model": "rir"
    }
},
{
    "model": "contenttypes.contenttype",
    "fields": {
        "app_label": "ipam",
        "model": "vlan"
    }
},
{
    "model": "contenttypes.contenttype",
    "fields": {
        "app_label": "ipam",
        "model": "service"
    }
},
{
    "model": "contenttypes.contenttype",
    "fields": {
        "app_label": "ipam",
        "model": "role"
    }
},
{
    "model": "contenttypes.contenttype",
    "fields": {
        "app_label": "ipam",
        "model": "vrf"
    }
},
{
    "model": "contenttypes.contenttype",
    "fields": {
        "app_label": "ipam",
        "model": "vlangroup"
    }
},
{
    "model": "contenttypes.contenttype",
    "fields": {
        "app_label": "ipam",
        "model": "prefix"
    }
},
{
    "model": "contenttypes.contenttype",
    "fields": {
        "app_label": "extras",
        "model": "customlink"
    }
},
{
    "model": "contenttypes.contenttype",
    "fields": {
        "app_label": "extras",
        "model": "imageattachment"
    }
},
{
    "model": "contenttypes.contenttype",
    "fields": {
        "app_label": "extras",
        "model": "topologymap"
    }
},
{
    "model": "contenttypes.contenttype",
    "fields": {
        "app_label": "extras",
        "model": "webhook"
    }
},
{
    "model": "contenttypes.contenttype",
    "fields": {
        "app_label": "extras",
        "model": "objectchange"
    }
},
{
    "model": "contenttypes.contenttype",
    "fields": {
        "app_label": "extras",
        "model": "taggeditem"
    }
},
{
    "model": "contenttypes.contenttype",
    "fields": {
        "app_label": "extras",
        "model": "customfield"
    }
},
{
    "model": "contenttypes.contenttype",
    "fields": {
        "app_label": "extras",
        "model": "exporttemplate"
    }
},
{
    "model": "contenttypes.contenttype",
    "fields": {
        "app_label": "extras",
        "model": "customfieldchoice"
    }
},
{
    "model": "contenttypes.contenttype",
    "fields": {
        "app_label": "extras",
        "model": "reportresult"
    }
},
{
    "model": "contenttypes.contenttype",
    "fields": {
        "app_label": "extras",
        "model": "graph"
    }
},
{
    "model": "contenttypes.contenttype",
    "fields": {
        "app_label": "extras",
        "model": "customfieldvalue"
    }
},
{
    "model": "contenttypes.contenttype",
    "fields": {
        "app_label": "extras",
        "model": "tag"
    }
},
{
    "model": "contenttypes.contenttype",
    "fields": {
        "app_label": "extras",
        "model": "configcontext"
    }
},
{
    "model": "contenttypes.contenttype",
    "fields": {
        "app_label": "secrets",
        "model": "sessionkey"
    }
},
{
    "model": "contenttypes.contenttype",
    "fields": {
        "app_label": "secrets",
        "model": "userkey"
    }
},
{
    "model": "contenttypes.contenttype",
    "fields": {
        "app_label": "secrets",
        "model": "secretrole"
    }
},
{
    "model": "contenttypes.contenttype",
    "fields": {
        "app_label": "secrets",
        "model": "secret"
    }
},
{
    "model": "contenttypes.contenttype",
    "fields": {
        "app_label": "tenancy",
        "model": "tenantgroup"
    }
},
{
    "model": "contenttypes.contenttype",
    "fields": {
        "app_label": "tenancy",
        "model": "tenant"
    }
},
{
    "model": "contenttypes.contenttype",
    "fields": {
        "app_label": "users",
        "model": "token"
    }
},
{
    "model": "contenttypes.contenttype",
    "fields": {
        "app_label": "virtualization",
        "model": "virtualmachine"
    }
},
{
    "model": "contenttypes.contenttype",
    "fields": {
        "app_label": "virtualization",
        "model": "cluster"
    }
},
{
    "model": "contenttypes.contenttype",
    "fields": {
        "app_label": "virtualization",
        "model": "clustergroup"
    }
},
{
    "model": "contenttypes.contenttype",
    "fields": {
        "app_label": "virtualization",
        "model": "clustertype"
    }
},
{
    "model": "contenttypes.contenttype",
    "fields": {
        "app_label": "extras",
        "model": "script"
    }
},
{
    "model": "sessions.session",
    "pk": "izhtcph62died20lmt8ninhxps4rdao1",
    "fields": {
        "session_data": "MGI4OGFmYzU1ZjU3ZGZjNWRjOWIwYjlkZDIxZmMzOWFlNDJhZmExODp7Il9hdXRoX3VzZXJfaWQiOiIxIiwiX2F1dGhfdXNlcl9iYWNrZW5kIjoidXRpbGl0aWVzLmF1dGhfYmFja2VuZHMuVmlld0V4ZW1wdE1vZGVsQmFja2VuZCIsIl9hdXRoX3VzZXJfaGFzaCI6IjA3NWMwZGNlMDAzZmFiZDc0MGFjYzljMjQ3NDRmMzM1NGM1ZjQwYzgifQ==",
        "expire_date": "2019-09-19T19:47:57.782Z"
    }
},
{
    "model": "dcim.region",
    "pk": 139,
    "fields": {
        "created": "2019-08-02",
        "last_updated": "2019-08-02T20:11:01.451Z",
        "parent": null,
        "name": "Africa",
        "slug": "africa",
        "lft": 1,
        "rght": 2,
        "tree_id": 1,
        "level": 0
    }
},
{
    "model": "dcim.region",
    "pk": 140,
    "fields": {
        "created": "2019-08-02",
        "last_updated": "2019-08-02T20:11:01.455Z",
        "parent": null,
        "name": "Asia",
        "slug": "asia",
        "lft": 1,
        "rght": 6,
        "tree_id": 2,
        "level": 0
    }
},
{
    "model": "dcim.region",
    "pk": 141,
    "fields": {
        "created": "2019-08-02",
        "last_updated": "2019-08-02T20:11:01.459Z",
        "parent": null,
        "name": "Europe",
        "slug": "europe",
        "lft": 1,
        "rght": 8,
        "tree_id": 3,
        "level": 0
    }
},
{
    "model": "dcim.region",
    "pk": 142,
    "fields": {
        "created": "2019-08-02",
        "last_updated": "2019-08-02T20:11:01.463Z",
        "parent": null,
        "name": "North America",
        "slug": "north-america",
        "lft": 1,
        "rght": 26,
        "tree_id": 4,
        "level": 0
    }
},
{
    "model": "dcim.region",
    "pk": 143,
    "fields": {
        "created": "2019-08-02",
        "last_updated": "2019-08-02T20:11:01.466Z",
        "parent": null,
        "name": "Oceania",
        "slug": "oceania",
        "lft": 1,
        "rght": 2,
        "tree_id": 5,
        "level": 0
    }
},
{
    "model": "dcim.region",
    "pk": 144,
    "fields": {
        "created": "2019-08-02",
        "last_updated": "2019-08-02T20:11:01.470Z",
        "parent": null,
        "name": "South America",
        "slug": "south-america",
        "lft": 1,
        "rght": 2,
        "tree_id": 6,
        "level": 0
    }
},
{
    "model": "dcim.region",
    "pk": 145,
    "fields": {
        "created": "2019-08-02",
        "last_updated": "2019-08-02T20:11:01.475Z",
        "parent": 140,
        "name": "China",
        "slug": "china",
        "lft": 2,
        "rght": 3,
        "tree_id": 2,
        "level": 1
    }
},
{
    "model": "dcim.region",
    "pk": 146,
    "fields": {
        "created": "2019-08-02",
        "last_updated": "2019-08-02T20:11:01.482Z",
        "parent": 140,
        "name": "Signapore",
        "slug": "signapore",
        "lft": 4,
        "rght": 5,
        "tree_id": 2,
        "level": 1
    }
},
{
    "model": "dcim.region",
    "pk": 147,
    "fields": {
        "created": "2019-08-02",
        "last_updated": "2019-08-02T20:11:01.486Z",
        "parent": 141,
        "name": "France",
        "slug": "france",
        "lft": 2,
        "rght": 3,
        "tree_id": 3,
        "level": 1
    }
},
{
    "model": "dcim.region",
    "pk": 148,
    "fields": {
        "created": "2019-08-02",
        "last_updated": "2019-08-02T20:11:01.492Z",
        "parent": 141,
        "name": "Germany",
        "slug": "germany",
        "lft": 4,
        "rght": 5,
        "tree_id": 3,
        "level": 1
    }
},
{
    "model": "dcim.region",
    "pk": 149,
    "fields": {
        "created": "2019-08-02",
        "last_updated": "2019-08-02T20:11:01.498Z",
        "parent": 141,
        "name": "United Kingdom",
        "slug": "united-kingdom",
        "lft": 6,
        "rght": 7,
        "tree_id": 3,
        "level": 1
    }
},
{
    "model": "dcim.region",
    "pk": 150,
    "fields": {
        "created": "2019-08-02",
        "last_updated": "2019-08-02T20:11:01.503Z",
        "parent": 142,
        "name": "Canada",
        "slug": "canada",
        "lft": 2,
        "rght": 9,
        "tree_id": 4,
        "level": 1
    }
},
{
    "model": "dcim.region",
    "pk": 151,
    "fields": {
        "created": "2019-08-02",
        "last_updated": "2019-08-02T20:11:01.510Z",
        "parent": 142,
        "name": "United States",
        "slug": "united-states",
        "lft": 10,
        "rght": 25,
        "tree_id": 4,
        "level": 1
    }
},
{
    "model": "dcim.region",
    "pk": 152,
    "fields": {
        "created": "2019-08-02",
        "last_updated": "2019-08-02T20:11:01.514Z",
        "parent": 150,
        "name": "Nova Scotia",
        "slug": "nova-scotia",
        "lft": 3,
        "rght": 4,
        "tree_id": 4,
        "level": 2
    }
},
{
    "model": "dcim.region",
    "pk": 153,
    "fields": {
        "created": "2019-08-02",
        "last_updated": "2019-08-02T20:11:01.521Z",
        "parent": 150,
        "name": "Ontario",
        "slug": "ontario",
        "lft": 5,
        "rght": 6,
        "tree_id": 4,
        "level": 2
    }
},
{
    "model": "dcim.region",
    "pk": 154,
    "fields": {
        "created": "2019-08-02",
        "last_updated": "2019-08-02T20:11:01.527Z",
        "parent": 150,
        "name": "Quebec",
        "slug": "quebec",
        "lft": 7,
        "rght": 8,
        "tree_id": 4,
        "level": 2
    }
},
{
    "model": "dcim.region",
    "pk": 155,
    "fields": {
        "created": "2019-08-02",
        "last_updated": "2019-08-02T20:11:01.531Z",
        "parent": 151,
        "name": "California",
        "slug": "california",
        "lft": 11,
        "rght": 12,
        "tree_id": 4,
        "level": 2
    }
},
{
    "model": "dcim.region",
    "pk": 156,
    "fields": {
        "created": "2019-08-02",
        "last_updated": "2019-08-02T20:11:01.538Z",
        "parent": 151,
        "name": "Colorado",
        "slug": "colorado",
        "lft": 13,
        "rght": 14,
        "tree_id": 4,
        "level": 2
    }
},
{
    "model": "dcim.region",
    "pk": 157,
    "fields": {
        "created": "2019-08-02",
        "last_updated": "2019-08-02T20:11:01.544Z",
        "parent": 151,
        "name": "Florida",
        "slug": "florida",
        "lft": 15,
        "rght": 16,
        "tree_id": 4,
        "level": 2
    }
},
{
    "model": "dcim.region",
    "pk": 158,
    "fields": {
        "created": "2019-08-02",
        "last_updated": "2019-08-02T20:11:01.550Z",
        "parent": 151,
        "name": "New York",
        "slug": "new-york",
        "lft": 17,
        "rght": 18,
        "tree_id": 4,
        "level": 2
    }
},
{
    "model": "dcim.region",
    "pk": 159,
    "fields": {
        "created": "2019-08-02",
        "last_updated": "2019-08-02T20:11:01.557Z",
        "parent": 151,
        "name": "North Carolina",
        "slug": "north-carolina",
        "lft": 19,
        "rght": 20,
        "tree_id": 4,
        "level": 2
    }
},
{
    "model": "dcim.region",
    "pk": 160,
    "fields": {
        "created": "2019-08-02",
        "last_updated": "2019-08-02T20:11:01.563Z",
        "parent": 151,
        "name": "Pennsylvania",
        "slug": "pennsylvania",
        "lft": 21,
        "rght": 22,
        "tree_id": 4,
        "level": 2
    }
},
{
    "model": "dcim.region",
    "pk": 161,
    "fields": {
        "created": "2019-08-02",
        "last_updated": "2019-08-02T20:11:01.569Z",
        "parent": 151,
        "name": "Texas",
        "slug": "texas",
        "lft": 23,
        "rght": 24,
        "tree_id": 4,
        "level": 2
    }
},
{
    "model": "dcim.site",
    "pk": 66,
    "fields": {
        "created": "2019-08-02",
        "last_updated": "2019-08-02T20:11:01.584Z",
        "name": "Company HQ",
        "slug": "company-hq",
        "status": 1,
        "region": 159,
        "tenant": null,
        "facility": "",
        "asn": null,
        "time_zone": null,
        "description": "",
        "physical_address": "3726 Bitwise Blvd, Raleigh NC",
        "shipping_address": "",
        "latitude": null,
        "longitude": null,
        "contact_name": "",
        "contact_phone": "",
        "contact_email": "",
        "comments": ""
    }
},
{
    "model": "dcim.site",
    "pk": 67,
    "fields": {
        "created": "2019-08-02",
        "last_updated": "2019-08-02T20:11:01.588Z",
        "name": "DC1",
        "slug": "dc1",
        "status": 1,
        "region": 158,
        "tenant": null,
        "facility": "",
        "asn": null,
        "time_zone": null,
        "description": "",
        "physical_address": "9100 Packet Place, New York NY",
        "shipping_address": "",
        "latitude": null,
        "longitude": null,
        "contact_name": "",
        "contact_phone": "",
        "contact_email": "",
        "comments": ""
    }
},
{
    "model": "dcim.site",
    "pk": 68,
    "fields": {
        "created": "2019-08-02",
        "last_updated": "2019-08-02T20:11:01.593Z",
        "name": "Strickland North",
        "slug": "strickland-north",
        "status": 1,
        "region": 161,
        "tenant": 35,
        "facility": "",
        "asn": null,
        "time_zone": null,
        "description": "",
        "physical_address": "428 Ladybird Ln, Arlen TX",
        "shipping_address": "",
        "latitude": null,
        "longitude": null,
        "contact_name": "",
        "contact_phone": "",
        "contact_email": "",
        "comments": ""
    }
},
{
    "model": "dcim.site",
    "pk": 69,
    "fields": {
        "created": "2019-08-02",
        "last_updated": "2019-08-02T20:11:01.598Z",
        "name": "Strickland East",
        "slug": "strickland-east",
        "status": 1,
        "region": 161,
        "tenant": 35,
        "facility": "",
        "asn": null,
        "time_zone": null,
        "description": "",
        "physical_address": "2391 Daletech Dr, Arlen TX",
        "shipping_address": "",
        "latitude": null,
        "longitude": null,
        "contact_name": "",
        "contact_phone": "",
        "contact_email": "",
        "comments": ""
    }
},
{
    "model": "dcim.site",
    "pk": 70,
    "fields": {
        "created": "2019-08-02",
        "last_updated": "2019-08-02T20:11:01.604Z",
        "name": "Strickland West",
        "slug": "strickland-west",
        "status": 1,
        "region": 161,
        "tenant": 35,
        "facility": "",
        "asn": null,
        "time_zone": null,
        "description": "",
        "physical_address": "391 Mangione Way Ste 204, McManerbury TX",
        "shipping_address": "",
        "latitude": null,
        "longitude": null,
        "contact_name": "",
        "contact_phone": "",
        "contact_email": "",
        "comments": ""
    }
},
{
    "model": "dcim.site",
    "pk": 71,
    "fields": {
        "created": "2019-08-02",
        "last_updated": "2019-08-02T20:11:01.609Z",
        "name": "Strickland South",
        "slug": "strickland-south",
        "status": 1,
        "region": 161,
        "tenant": 35,
        "facility": "",
        "asn": null,
        "time_zone": null,
        "description": "",
        "physical_address": "800 Pocket Sand Dr, McManerbury TX",
        "shipping_address": "",
        "latitude": null,
        "longitude": null,
        "contact_name": "",
        "contact_phone": "",
        "contact_email": "",
        "comments": ""
    }
},
{
    "model": "dcim.site",
    "pk": 72,
    "fields": {
        "created": "2019-08-02",
        "last_updated": "2019-08-02T20:11:01.614Z",
        "name": "DM/Corporate",
        "slug": "dmcorporate",
        "status": 1,
        "region": 158,
        "tenant": 31,
        "facility": "",
        "asn": null,
        "time_zone": null,
        "description": "",
        "physical_address": "101 6th Ave Floor 10, New York NY",
        "shipping_address": "",
        "latitude": null,
        "longitude": null,
        "contact_name": "",
        "contact_phone": "",
        "contact_email": "",
        "comments": ""
    }
},
{
    "model": "dcim.site",
    "pk": 73,
    "fields": {
        "created": "2019-08-02",
        "last_updated": "2019-08-02T20:11:01.619Z",
        "name": "DM/Scranton",
        "slug": "dmscranton",
        "status": 1,
        "region": 160,
        "tenant": 31,
        "facility": "",
        "asn": null,
        "time_zone": null,
        "description": "",
        "physical_address": "1725 Slough Avenue, Scranton PA",
        "shipping_address": "",
        "latitude": null,
        "longitude": null,
        "contact_name": "",
        "contact_phone": "",
        "contact_email": "",
        "comments": ""
    }
},
{
    "model": "dcim.site",
    "pk": 74,
    "fields": {
        "created": "2019-08-02",
        "last_updated": "2019-08-02T20:11:01.624Z",
        "name": "DM/Buffalo",
        "slug": "dmbuffalo",
        "status": 1,
        "region": 158,
        "tenant": 31,
        "facility": "",
        "asn": null,
        "time_zone": null,
        "description": "",
        "physical_address": "1300 Carrell St Ste 301, Buffalo NY",
        "shipping_address": "",
        "latitude": null,
        "longitude": null,
        "contact_name": "",
        "contact_phone": "",
        "contact_email": "",
        "comments": ""
    }
},
{
    "model": "dcim.rackrole",
    "pk": 19,
    "fields": {
        "created": "2019-08-02",
        "last_updated": "2019-08-02T20:11:01.664Z",
        "name": "Network",
        "slug": "network",
        "color": ""
    }
},
{
    "model": "dcim.rackrole",
    "pk": 20,
    "fields": {
        "created": "2019-08-02",
        "last_updated": "2019-08-02T20:11:01.673Z",
        "name": "Compute",
        "slug": "compute",
        "color": ""
    }
},
{
    "model": "dcim.rackrole",
    "pk": 21,
    "fields": {
        "created": "2019-08-02",
        "last_updated": "2019-08-02T20:11:01.707Z",
        "name": "Storage",
        "slug": "storage",
        "color": ""
    }
},
{
    "model": "dcim.rack",
    "pk": 97,
    "fields": {
        "created": "2019-08-02",
        "last_updated": "2019-08-02T20:11:01.668Z",
        "name": "R101",
        "facility_id": "1200:0101",
        "site": 67,
        "group": null,
        "tenant": null,
        "status": 3,
        "role": 19,
        "serial": "",
        "asset_tag": null,
        "type": null,
        "width": 19,
        "u_height": 48,
        "desc_units": false,
        "outer_width": null,
        "outer_depth": null,
        "outer_unit": null,
        "comments": ""
    }
},
{
    "model": "dcim.rack",
    "pk": 98,
    "fields": {
        "created": "2019-08-02",
        "last_updated": "2019-08-02T20:11:01.676Z",
        "name": "R102",
        "facility_id": "1200:0102",
        "site": 67,
        "group": null,
        "tenant": null,
        "status": 3,
        "role": 20,
        "serial": "",
        "asset_tag": null,
        "type": null,
        "width": 19,
        "u_height": 48,
        "desc_units": false,
        "outer_width": null,
        "outer_depth": null,
        "outer_unit": null,
        "comments": ""
    }
},
{
    "model": "dcim.rack",
    "pk": 99,
    "fields": {
        "created": "2019-08-02",
        "last_updated": "2019-08-02T20:11:01.682Z",
        "name": "R103",
        "facility_id": "1200:0103",
        "site": 67,
        "group": null,
        "tenant": null,
        "status": 3,
        "role": 20,
        "serial": "",
        "asset_tag": null,
        "type": null,
        "width": 19,
        "u_height": 48,
        "desc_units": false,
        "outer_width": null,
        "outer_depth": null,
        "outer_unit": null,
        "comments": ""
    }
},
{
    "model": "dcim.rack",
    "pk": 100,
    "fields": {
        "created": "2019-08-02",
        "last_updated": "2019-08-02T20:11:01.689Z",
        "name": "R104",
        "facility_id": "1200:0104",
        "site": 67,
        "group": null,
        "tenant": null,
        "status": 3,
        "role": 20,
        "serial": "",
        "asset_tag": null,
        "type": null,
        "width": 19,
        "u_height": 48,
        "desc_units": false,
        "outer_width": null,
        "outer_depth": null,
        "outer_unit": null,
        "comments": ""
    }
},
{
    "model": "dcim.rack",
    "pk": 101,
    "fields": {
        "created": "2019-08-02",
        "last_updated": "2019-08-02T20:11:01.696Z",
        "name": "R201",
        "facility_id": "1200:0201",
        "site": 67,
        "group": null,
        "tenant": null,
        "status": 3,
        "role": 20,
        "serial": "",
        "asset_tag": null,
        "type": null,
        "width": 19,
        "u_height": 48,
        "desc_units": false,
        "outer_width": null,
        "outer_depth": null,
        "outer_unit": null,
        "comments": ""
    }
},
{
    "model": "dcim.rack",
    "pk": 102,
    "fields": {
        "created": "2019-08-02",
        "last_updated": "2019-08-02T20:11:01.702Z",
        "name": "R202",
        "facility_id": "1200:0202",
        "site": 67,
        "group": null,
        "tenant": null,
        "status": 3,
        "role": 20,
        "serial": "",
        "asset_tag": null,
        "type": null,
        "width": 19,
        "u_height": 48,
        "desc_units": false,
        "outer_width": null,
        "outer_depth": null,
        "outer_unit": null,
        "comments": ""
    }
},
{
    "model": "dcim.rack",
    "pk": 103,
    "fields": {
        "created": "2019-08-02",
        "last_updated": "2019-08-02T20:11:01.710Z",
        "name": "R203",
        "facility_id": "1200:0203",
        "site": 67,
        "group": null,
        "tenant": null,
        "status": 3,
        "role": 21,
        "serial": "",
        "asset_tag": null,
        "type": null,
        "width": 19,
        "u_height": 48,
        "desc_units": false,
        "outer_width": null,
        "outer_depth": null,
        "outer_unit": null,
        "comments": ""
    }
},
{
    "model": "dcim.rack",
    "pk": 104,
    "fields": {
        "created": "2019-08-02",
        "last_updated": "2019-08-02T20:11:01.716Z",
        "name": "R204",
        "facility_id": "1200:0204",
        "site": 67,
        "group": null,
        "tenant": null,
        "status": 3,
        "role": 21,
        "serial": "",
        "asset_tag": null,
        "type": null,
        "width": 19,
        "u_height": 48,
        "desc_units": false,
        "outer_width": null,
        "outer_depth": null,
        "outer_unit": null,
        "comments": ""
    }
},
{
    "model": "dcim.manufacturer",
    "pk": 13,
    "fields": {
        "created": "2019-08-02",
        "last_updated": "2019-08-02T20:11:01.781Z",
        "name": "Juniper",
        "slug": "juniper"
    }
},
{
    "model": "dcim.manufacturer",
    "pk": 14,
    "fields": {
        "created": "2019-08-02",
        "last_updated": "2019-08-02T20:11:01.832Z",
        "name": "Cisco",
        "slug": "cisco"
    }
},
{
    "model": "dcim.devicetype",
    "pk": 25,
    "fields": {
        "created": "2019-08-02",
        "last_updated": "2019-08-02T20:11:01.784Z",
        "manufacturer": 13,
        "model": "MX240",
        "slug": "mx240",
        "part_number": "",
        "u_height": 5,
        "is_full_depth": true,
        "subdevice_role": null,
        "comments": ""
    }
},
{
    "model": "dcim.devicetype",
    "pk": 26,
    "fields": {
        "created": "2019-08-02",
        "last_updated": "2019-08-02T20:11:01.789Z",
        "manufacturer": 13,
        "model": "EX4300-48T",
        "slug": "ex4300-48t",
        "part_number": "",
        "u_height": 1,
        "is_full_depth": true,
        "subdevice_role": null,
        "comments": ""
    }
},
{
    "model": "dcim.devicetype",
    "pk": 27,
    "fields": {
        "created": "2019-08-02",
        "last_updated": "2019-08-02T20:11:01.812Z",
        "manufacturer": 13,
        "model": "QFX5100-24Q",
        "slug": "qfx5100-24q",
        "part_number": "",
        "u_height": 1,
        "is_full_depth": true,
        "subdevice_role": null,
        "comments": ""
    }
},
{
    "model": "dcim.devicetype",
    "pk": 28,
    "fields": {
        "created": "2019-08-02",
        "last_updated": "2019-08-02T20:11:01.834Z",
        "manufacturer": 14,
        "model": "Catalyst 3850",
        "slug": "catalyst-3850",
        "part_number": "",
        "u_height": 1,
        "is_full_depth": true,
        "subdevice_role": null,
        "comments": ""
    }
},
{
    "model": "dcim.consoleporttemplate",
    "pk": 25,
    "fields": {
        "device_type": 25,
        "name": "Console"
    }
},
{
    "model": "dcim.consoleporttemplate",
    "pk": 26,
    "fields": {
        "device_type": 26,
        "name": "Console"
    }
},
{
    "model": "dcim.consoleporttemplate",
    "pk": 27,
    "fields": {
        "device_type": 27,
        "name": "Console"
    }
},
{
    "model": "dcim.consoleporttemplate",
    "pk": 28,
    "fields": {
        "device_type": 28,
        "name": "Console"
    }
},
{
    "model": "dcim.powerporttemplate",
    "pk": 49,
    "fields": {
        "device_type": 25,
        "name": "PEM 0",
        "maximum_draw": null,
        "allocated_draw": null
    }
},
{
    "model": "dcim.powerporttemplate",
    "pk": 50,
    "fields": {
        "device_type": 25,
        "name": "PEM 1",
        "maximum_draw": null,
        "allocated_draw": null
    }
},
{
    "model": "dcim.powerporttemplate",
    "pk": 51,
    "fields": {
        "device_type": 26,
        "name": "PEM 0",
        "maximum_draw": null,
        "allocated_draw": null
    }
},
{
    "model": "dcim.powerporttemplate",
    "pk": 52,
    "fields": {
        "device_type": 26,
        "name": "PEM 1",
        "maximum_draw": null,
        "allocated_draw": null
    }
},
{
    "model": "dcim.powerporttemplate",
    "pk": 53,
    "fields": {
        "device_type": 27,
        "name": "PEM 0",
        "maximum_draw": null,
        "allocated_draw": null
    }
},
{
    "model": "dcim.powerporttemplate",
    "pk": 54,
    "fields": {
        "device_type": 27,
        "name": "PEM 1",
        "maximum_draw": null,
        "allocated_draw": null
    }
},
{
    "model": "dcim.powerporttemplate",
    "pk": 55,
    "fields": {
        "device_type": 28,
        "name": "PSU1",
        "maximum_draw": null,
        "allocated_draw": null
    }
},
{
    "model": "dcim.powerporttemplate",
    "pk": 56,
    "fields": {
        "device_type": 28,
        "name": "PSU2",
        "maximum_draw": null,
        "allocated_draw": null
    }
},
{
    "model": "dcim.interfacetemplate",
    "pk": 889,
    "fields": {
        "device_type": 26,
        "name": "ge-0/0/0",
        "type": 1000,
        "mgmt_only": false
    }
},
{
    "model": "dcim.interfacetemplate",
    "pk": 890,
    "fields": {
        "device_type": 26,
        "name": "ge-0/0/1",
        "type": 1000,
        "mgmt_only": false
    }
},
{
    "model": "dcim.interfacetemplate",
    "pk": 891,
    "fields": {
        "device_type": 26,
        "name": "ge-0/0/2",
        "type": 1000,
        "mgmt_only": false
    }
},
{
    "model": "dcim.interfacetemplate",
    "pk": 892,
    "fields": {
        "device_type": 26,
        "name": "ge-0/0/3",
        "type": 1000,
        "mgmt_only": false
    }
},
{
    "model": "dcim.interfacetemplate",
    "pk": 893,
    "fields": {
        "device_type": 26,
        "name": "ge-0/0/4",
        "type": 1000,
        "mgmt_only": false
    }
},
{
    "model": "dcim.interfacetemplate",
    "pk": 894,
    "fields": {
        "device_type": 26,
        "name": "ge-0/0/5",
        "type": 1000,
        "mgmt_only": false
    }
},
{
    "model": "dcim.interfacetemplate",
    "pk": 895,
    "fields": {
        "device_type": 26,
        "name": "ge-0/0/6",
        "type": 1000,
        "mgmt_only": false
    }
},
{
    "model": "dcim.interfacetemplate",
    "pk": 896,
    "fields": {
        "device_type": 26,
        "name": "ge-0/0/7",
        "type": 1000,
        "mgmt_only": false
    }
},
{
    "model": "dcim.interfacetemplate",
    "pk": 897,
    "fields": {
        "device_type": 26,
        "name": "ge-0/0/8",
        "type": 1000,
        "mgmt_only": false
    }
},
{
    "model": "dcim.interfacetemplate",
    "pk": 898,
    "fields": {
        "device_type": 26,
        "name": "ge-0/0/9",
        "type": 1000,
        "mgmt_only": false
    }
},
{
    "model": "dcim.interfacetemplate",
    "pk": 899,
    "fields": {
        "device_type": 26,
        "name": "ge-0/0/10",
        "type": 1000,
        "mgmt_only": false
    }
},
{
    "model": "dcim.interfacetemplate",
    "pk": 900,
    "fields": {
        "device_type": 26,
        "name": "ge-0/0/11",
        "type": 1000,
        "mgmt_only": false
    }
},
{
    "model": "dcim.interfacetemplate",
    "pk": 901,
    "fields": {
        "device_type": 26,
        "name": "ge-0/0/12",
        "type": 1000,
        "mgmt_only": false
    }
},
{
    "model": "dcim.interfacetemplate",
    "pk": 902,
    "fields": {
        "device_type": 26,
        "name": "ge-0/0/13",
        "type": 1000,
        "mgmt_only": false
    }
},
{
    "model": "dcim.interfacetemplate",
    "pk": 903,
    "fields": {
        "device_type": 26,
        "name": "ge-0/0/14",
        "type": 1000,
        "mgmt_only": false
    }
},
{
    "model": "dcim.interfacetemplate",
    "pk": 904,
    "fields": {
        "device_type": 26,
        "name": "ge-0/0/15",
        "type": 1000,
        "mgmt_only": false
    }
},
{
    "model": "dcim.interfacetemplate",
    "pk": 905,
    "fields": {
        "device_type": 26,
        "name": "ge-0/0/16",
        "type": 1000,
        "mgmt_only": false
    }
},
{
    "model": "dcim.interfacetemplate",
    "pk": 906,
    "fields": {
        "device_type": 26,
        "name": "ge-0/0/17",
        "type": 1000,
        "mgmt_only": false
    }
},
{
    "model": "dcim.interfacetemplate",
    "pk": 907,
    "fields": {
        "device_type": 26,
        "name": "ge-0/0/18",
        "type": 1000,
        "mgmt_only": false
    }
},
{
    "model": "dcim.interfacetemplate",
    "pk": 908,
    "fields": {
        "device_type": 26,
        "name": "ge-0/0/19",
        "type": 1000,
        "mgmt_only": false
    }
},
{
    "model": "dcim.interfacetemplate",
    "pk": 909,
    "fields": {
        "device_type": 26,
        "name": "ge-0/0/20",
        "type": 1000,
        "mgmt_only": false
    }
},
{
    "model": "dcim.interfacetemplate",
    "pk": 910,
    "fields": {
        "device_type": 26,
        "name": "ge-0/0/21",
        "type": 1000,
        "mgmt_only": false
    }
},
{
    "model": "dcim.interfacetemplate",
    "pk": 911,
    "fields": {
        "device_type": 26,
        "name": "ge-0/0/22",
        "type": 1000,
        "mgmt_only": false
    }
},
{
    "model": "dcim.interfacetemplate",
    "pk": 912,
    "fields": {
        "device_type": 26,
        "name": "ge-0/0/23",
        "type": 1000,
        "mgmt_only": false
    }
},
{
    "model": "dcim.interfacetemplate",
    "pk": 913,
    "fields": {
        "device_type": 26,
        "name": "ge-0/0/24",
        "type": 1000,
        "mgmt_only": false
    }
},
{
    "model": "dcim.interfacetemplate",
    "pk": 914,
    "fields": {
        "device_type": 26,
        "name": "ge-0/0/25",
        "type": 1000,
        "mgmt_only": false
    }
},
{
    "model": "dcim.interfacetemplate",
    "pk": 915,
    "fields": {
        "device_type": 26,
        "name": "ge-0/0/26",
        "type": 1000,
        "mgmt_only": false
    }
},
{
    "model": "dcim.interfacetemplate",
    "pk": 916,
    "fields": {
        "device_type": 26,
        "name": "ge-0/0/27",
        "type": 1000,
        "mgmt_only": false
    }
},
{
    "model": "dcim.interfacetemplate",
    "pk": 917,
    "fields": {
        "device_type": 26,
        "name": "ge-0/0/28",
        "type": 1000,
        "mgmt_only": false
    }
},
{
    "model": "dcim.interfacetemplate",
    "pk": 918,
    "fields": {
        "device_type": 26,
        "name": "ge-0/0/29",
        "type": 1000,
        "mgmt_only": false
    }
},
{
    "model": "dcim.interfacetemplate",
    "pk": 919,
    "fields": {
        "device_type": 26,
        "name": "ge-0/0/30",
        "type": 1000,
        "mgmt_only": false
    }
},
{
    "model": "dcim.interfacetemplate",
    "pk": 920,
    "fields": {
        "device_type": 26,
        "name": "ge-0/0/31",
        "type": 1000,
        "mgmt_only": false
    }
},
{
    "model": "dcim.interfacetemplate",
    "pk": 921,
    "fields": {
        "device_type": 26,
        "name": "ge-0/0/32",
        "type": 1000,
        "mgmt_only": false
    }
},
{
    "model": "dcim.interfacetemplate",
    "pk": 922,
    "fields": {
        "device_type": 26,
        "name": "ge-0/0/33",
        "type": 1000,
        "mgmt_only": false
    }
},
{
    "model": "dcim.interfacetemplate",
    "pk": 923,
    "fields": {
        "device_type": 26,
        "name": "ge-0/0/34",
        "type": 1000,
        "mgmt_only": false
    }
},
{
    "model": "dcim.interfacetemplate",
    "pk": 924,
    "fields": {
        "device_type": 26,
        "name": "ge-0/0/35",
        "type": 1000,
        "mgmt_only": false
    }
},
{
    "model": "dcim.interfacetemplate",
    "pk": 925,
    "fields": {
        "device_type": 26,
        "name": "ge-0/0/36",
        "type": 1000,
        "mgmt_only": false
    }
},
{
    "model": "dcim.interfacetemplate",
    "pk": 926,
    "fields": {
        "device_type": 26,
        "name": "ge-0/0/37",
        "type": 1000,
        "mgmt_only": false
    }
},
{
    "model": "dcim.interfacetemplate",
    "pk": 927,
    "fields": {
        "device_type": 26,
        "name": "ge-0/0/38",
        "type": 1000,
        "mgmt_only": false
    }
},
{
    "model": "dcim.interfacetemplate",
    "pk": 928,
    "fields": {
        "device_type": 26,
        "name": "ge-0/0/39",
        "type": 1000,
        "mgmt_only": false
    }
},
{
    "model": "dcim.interfacetemplate",
    "pk": 929,
    "fields": {
        "device_type": 26,
        "name": "ge-0/0/40",
        "type": 1000,
        "mgmt_only": false
    }
},
{
    "model": "dcim.interfacetemplate",
    "pk": 930,
    "fields": {
        "device_type": 26,
        "name": "ge-0/0/41",
        "type": 1000,
        "mgmt_only": false
    }
},
{
    "model": "dcim.interfacetemplate",
    "pk": 931,
    "fields": {
        "device_type": 26,
        "name": "ge-0/0/42",
        "type": 1000,
        "mgmt_only": false
    }
},
{
    "model": "dcim.interfacetemplate",
    "pk": 932,
    "fields": {
        "device_type": 26,
        "name": "ge-0/0/43",
        "type": 1000,
        "mgmt_only": false
    }
},
{
    "model": "dcim.interfacetemplate",
    "pk": 933,
    "fields": {
        "device_type": 26,
        "name": "ge-0/0/44",
        "type": 1000,
        "mgmt_only": false
    }
},
{
    "model": "dcim.interfacetemplate",
    "pk": 934,
    "fields": {
        "device_type": 26,
        "name": "ge-0/0/45",
        "type": 1000,
        "mgmt_only": false
    }
},
{
    "model": "dcim.interfacetemplate",
    "pk": 935,
    "fields": {
        "device_type": 26,
        "name": "ge-0/0/46",
        "type": 1000,
        "mgmt_only": false
    }
},
{
    "model": "dcim.interfacetemplate",
    "pk": 936,
    "fields": {
        "device_type": 26,
        "name": "ge-0/0/47",
        "type": 1000,
        "mgmt_only": false
    }
},
{
    "model": "dcim.interfacetemplate",
    "pk": 937,
    "fields": {
        "device_type": 26,
        "name": "xe-0/2/0",
        "type": 1200,
        "mgmt_only": false
    }
},
{
    "model": "dcim.interfacetemplate",
    "pk": 938,
    "fields": {
        "device_type": 26,
        "name": "xe-0/2/1",
        "type": 1200,
        "mgmt_only": false
    }
},
{
    "model": "dcim.interfacetemplate",
    "pk": 939,
    "fields": {
        "device_type": 26,
        "name": "xe-0/2/2",
        "type": 1200,
        "mgmt_only": false
    }
},
{
    "model": "dcim.interfacetemplate",
    "pk": 940,
    "fields": {
        "device_type": 26,
        "name": "xe-0/2/3",
        "type": 1200,
        "mgmt_only": false
    }
},
{
    "model": "dcim.interfacetemplate",
    "pk": 941,
    "fields": {
        "device_type": 27,
        "name": "et-0/0/0",
        "type": 1400,
        "mgmt_only": false
    }
},
{
    "model": "dcim.interfacetemplate",
    "pk": 942,
    "fields": {
        "device_type": 27,
        "name": "et-0/0/1",
        "type": 1400,
        "mgmt_only": false
    }
},
{
    "model": "dcim.interfacetemplate",
    "pk": 943,
    "fields": {
        "device_type": 27,
        "name": "et-0/0/2",
        "type": 1400,
        "mgmt_only": false
    }
},
{
    "model": "dcim.interfacetemplate",
    "pk": 944,
    "fields": {
        "device_type": 27,
        "name": "et-0/0/3",
        "type": 1400,
        "mgmt_only": false
    }
},
{
    "model": "dcim.interfacetemplate",
    "pk": 945,
    "fields": {
        "device_type": 27,
        "name": "et-0/0/4",
        "type": 1400,
        "mgmt_only": false
    }
},
{
    "model": "dcim.interfacetemplate",
    "pk": 946,
    "fields": {
        "device_type": 27,
        "name": "et-0/0/5",
        "type": 1400,
        "mgmt_only": false
    }
},
{
    "model": "dcim.interfacetemplate",
    "pk": 947,
    "fields": {
        "device_type": 27,
        "name": "et-0/0/6",
        "type": 1400,
        "mgmt_only": false
    }
},
{
    "model": "dcim.interfacetemplate",
    "pk": 948,
    "fields": {
        "device_type": 27,
        "name": "et-0/0/7",
        "type": 1400,
        "mgmt_only": false
    }
},
{
    "model": "dcim.interfacetemplate",
    "pk": 949,
    "fields": {
        "device_type": 27,
        "name": "et-0/0/8",
        "type": 1400,
        "mgmt_only": false
    }
},
{
    "model": "dcim.interfacetemplate",
    "pk": 950,
    "fields": {
        "device_type": 27,
        "name": "et-0/0/9",
        "type": 1400,
        "mgmt_only": false
    }
},
{
    "model": "dcim.interfacetemplate",
    "pk": 951,
    "fields": {
        "device_type": 27,
        "name": "et-0/0/10",
        "type": 1400,
        "mgmt_only": false
    }
},
{
    "model": "dcim.interfacetemplate",
    "pk": 952,
    "fields": {
        "device_type": 27,
        "name": "et-0/0/11",
        "type": 1400,
        "mgmt_only": false
    }
},
{
    "model": "dcim.interfacetemplate",
    "pk": 953,
    "fields": {
        "device_type": 27,
        "name": "et-0/0/12",
        "type": 1400,
        "mgmt_only": false
    }
},
{
    "model": "dcim.interfacetemplate",
    "pk": 954,
    "fields": {
        "device_type": 27,
        "name": "et-0/0/13",
        "type": 1400,
        "mgmt_only": false
    }
},
{
    "model": "dcim.interfacetemplate",
    "pk": 955,
    "fields": {
        "device_type": 27,
        "name": "et-0/0/14",
        "type": 1400,
        "mgmt_only": false
    }
},
{
    "model": "dcim.interfacetemplate",
    "pk": 956,
    "fields": {
        "device_type": 27,
        "name": "et-0/0/15",
        "type": 1400,
        "mgmt_only": false
    }
},
{
    "model": "dcim.interfacetemplate",
    "pk": 957,
    "fields": {
        "device_type": 27,
        "name": "et-0/0/16",
        "type": 1400,
        "mgmt_only": false
    }
},
{
    "model": "dcim.interfacetemplate",
    "pk": 958,
    "fields": {
        "device_type": 27,
        "name": "et-0/0/17",
        "type": 1400,
        "mgmt_only": false
    }
},
{
    "model": "dcim.interfacetemplate",
    "pk": 959,
    "fields": {
        "device_type": 27,
        "name": "et-0/0/18",
        "type": 1400,
        "mgmt_only": false
    }
},
{
    "model": "dcim.interfacetemplate",
    "pk": 960,
    "fields": {
        "device_type": 27,
        "name": "et-0/0/19",
        "type": 1400,
        "mgmt_only": false
    }
},
{
    "model": "dcim.interfacetemplate",
    "pk": 961,
    "fields": {
        "device_type": 27,
        "name": "et-0/0/20",
        "type": 1400,
        "mgmt_only": false
    }
},
{
    "model": "dcim.interfacetemplate",
    "pk": 962,
    "fields": {
        "device_type": 27,
        "name": "et-0/0/21",
        "type": 1400,
        "mgmt_only": false
    }
},
{
    "model": "dcim.interfacetemplate",
    "pk": 963,
    "fields": {
        "device_type": 27,
        "name": "et-0/0/22",
        "type": 1400,
        "mgmt_only": false
    }
},
{
    "model": "dcim.interfacetemplate",
    "pk": 964,
    "fields": {
        "device_type": 27,
        "name": "et-0/0/23",
        "type": 1400,
        "mgmt_only": false
    }
},
{
    "model": "dcim.interfacetemplate",
    "pk": 965,
    "fields": {
        "device_type": 27,
        "name": "et-0/0/24",
        "type": 1400,
        "mgmt_only": false
    }
},
{
    "model": "dcim.interfacetemplate",
    "pk": 966,
    "fields": {
        "device_type": 27,
        "name": "et-0/0/25",
        "type": 1400,
        "mgmt_only": false
    }
},
{
    "model": "dcim.interfacetemplate",
    "pk": 967,
    "fields": {
        "device_type": 27,
        "name": "et-0/0/26",
        "type": 1400,
        "mgmt_only": false
    }
},
{
    "model": "dcim.interfacetemplate",
    "pk": 968,
    "fields": {
        "device_type": 27,
        "name": "et-0/0/27",
        "type": 1400,
        "mgmt_only": false
    }
},
{
    "model": "dcim.interfacetemplate",
    "pk": 969,
    "fields": {
        "device_type": 27,
        "name": "et-0/0/28",
        "type": 1400,
        "mgmt_only": false
    }
},
{
    "model": "dcim.interfacetemplate",
    "pk": 970,
    "fields": {
        "device_type": 27,
        "name": "et-0/0/29",
        "type": 1400,
        "mgmt_only": false
    }
},
{
    "model": "dcim.interfacetemplate",
    "pk": 971,
    "fields": {
        "device_type": 27,
        "name": "et-0/0/30",
        "type": 1400,
        "mgmt_only": false
    }
},
{
    "model": "dcim.interfacetemplate",
    "pk": 972,
    "fields": {
        "device_type": 27,
        "name": "et-0/0/31",
        "type": 1400,
        "mgmt_only": false
    }
},
{
    "model": "dcim.interfacetemplate",
    "pk": 973,
    "fields": {
        "device_type": 27,
        "name": "et-0/0/32",
        "type": 1400,
        "mgmt_only": false
    }
},
{
    "model": "dcim.interfacetemplate",
    "pk": 974,
    "fields": {
        "device_type": 27,
        "name": "et-0/0/33",
        "type": 1400,
        "mgmt_only": false
    }
},
{
    "model": "dcim.interfacetemplate",
    "pk": 975,
    "fields": {
        "device_type": 27,
        "name": "et-0/0/34",
        "type": 1400,
        "mgmt_only": false
    }
},
{
    "model": "dcim.interfacetemplate",
    "pk": 976,
    "fields": {
        "device_type": 27,
        "name": "et-0/0/35",
        "type": 1400,
        "mgmt_only": false
    }
},
{
    "model": "dcim.interfacetemplate",
    "pk": 977,
    "fields": {
        "device_type": 27,
        "name": "et-0/0/36",
        "type": 1400,
        "mgmt_only": false
    }
},
{
    "model": "dcim.interfacetemplate",
    "pk": 978,
    "fields": {
        "device_type": 27,
        "name": "et-0/0/37",
        "type": 1400,
        "mgmt_only": false
    }
},
{
    "model": "dcim.interfacetemplate",
    "pk": 979,
    "fields": {
        "device_type": 27,
        "name": "et-0/0/38",
        "type": 1400,
        "mgmt_only": false
    }
},
{
    "model": "dcim.interfacetemplate",
    "pk": 980,
    "fields": {
        "device_type": 27,
        "name": "et-0/0/39",
        "type": 1400,
        "mgmt_only": false
    }
},
{
    "model": "dcim.interfacetemplate",
    "pk": 981,
    "fields": {
        "device_type": 27,
        "name": "et-0/0/40",
        "type": 1400,
        "mgmt_only": false
    }
},
{
    "model": "dcim.interfacetemplate",
    "pk": 982,
    "fields": {
        "device_type": 27,
        "name": "et-0/0/41",
        "type": 1400,
        "mgmt_only": false
    }
},
{
    "model": "dcim.interfacetemplate",
    "pk": 983,
    "fields": {
        "device_type": 27,
        "name": "et-0/0/42",
        "type": 1400,
        "mgmt_only": false
    }
},
{
    "model": "dcim.interfacetemplate",
    "pk": 984,
    "fields": {
        "device_type": 27,
        "name": "et-0/0/43",
        "type": 1400,
        "mgmt_only": false
    }
},
{
    "model": "dcim.interfacetemplate",
    "pk": 985,
    "fields": {
        "device_type": 27,
        "name": "et-0/0/44",
        "type": 1400,
        "mgmt_only": false
    }
},
{
    "model": "dcim.interfacetemplate",
    "pk": 986,
    "fields": {
        "device_type": 27,
        "name": "et-0/0/45",
        "type": 1400,
        "mgmt_only": false
    }
},
{
    "model": "dcim.interfacetemplate",
    "pk": 987,
    "fields": {
        "device_type": 27,
        "name": "et-0/0/46",
        "type": 1400,
        "mgmt_only": false
    }
},
{
    "model": "dcim.interfacetemplate",
    "pk": 988,
    "fields": {
        "device_type": 27,
        "name": "et-0/0/47",
        "type": 1400,
        "mgmt_only": false
    }
},
{
    "model": "dcim.interfacetemplate",
    "pk": 989,
    "fields": {
        "device_type": 28,
        "name": "tengigabitethernet1/1",
        "type": 1200,
        "mgmt_only": false
    }
},
{
    "model": "dcim.interfacetemplate",
    "pk": 990,
    "fields": {
        "device_type": 28,
        "name": "tengigabitethernet1/2",
        "type": 1200,
        "mgmt_only": false
    }
},
{
    "model": "dcim.interfacetemplate",
    "pk": 991,
    "fields": {
        "device_type": 28,
        "name": "tengigabitethernet1/3",
        "type": 1200,
        "mgmt_only": false
    }
},
{
    "model": "dcim.interfacetemplate",
    "pk": 992,
    "fields": {
        "device_type": 28,
        "name": "tengigabitethernet1/4",
        "type": 1200,
        "mgmt_only": false
    }
},
{
    "model": "dcim.interfacetemplate",
    "pk": 993,
    "fields": {
        "device_type": 28,
        "name": "tengigabitethernet1/5",
        "type": 1200,
        "mgmt_only": false
    }
},
{
    "model": "dcim.interfacetemplate",
    "pk": 994,
    "fields": {
        "device_type": 28,
        "name": "tengigabitethernet1/6",
        "type": 1200,
        "mgmt_only": false
    }
},
{
    "model": "dcim.interfacetemplate",
    "pk": 995,
    "fields": {
        "device_type": 28,
        "name": "tengigabitethernet1/7",
        "type": 1200,
        "mgmt_only": false
    }
},
{
    "model": "dcim.interfacetemplate",
    "pk": 996,
    "fields": {
        "device_type": 28,
        "name": "tengigabitethernet1/8",
        "type": 1200,
        "mgmt_only": false
    }
},
{
    "model": "dcim.interfacetemplate",
    "pk": 997,
    "fields": {
        "device_type": 28,
        "name": "tengigabitethernet1/9",
        "type": 1200,
        "mgmt_only": false
    }
},
{
    "model": "dcim.interfacetemplate",
    "pk": 998,
    "fields": {
        "device_type": 28,
        "name": "tengigabitethernet1/10",
        "type": 1200,
        "mgmt_only": false
    }
},
{
    "model": "dcim.interfacetemplate",
    "pk": 999,
    "fields": {
        "device_type": 28,
        "name": "tengigabitethernet1/11",
        "type": 1200,
        "mgmt_only": false
    }
},
{
    "model": "dcim.interfacetemplate",
    "pk": 1000,
    "fields": {
        "device_type": 28,
        "name": "tengigabitethernet1/12",
        "type": 1200,
        "mgmt_only": false
    }
},
{
    "model": "dcim.interfacetemplate",
    "pk": 1001,
    "fields": {
        "device_type": 28,
        "name": "tengigabitethernet1/13",
        "type": 1200,
        "mgmt_only": false
    }
},
{
    "model": "dcim.interfacetemplate",
    "pk": 1002,
    "fields": {
        "device_type": 28,
        "name": "tengigabitethernet1/14",
        "type": 1200,
        "mgmt_only": false
    }
},
{
    "model": "dcim.interfacetemplate",
    "pk": 1003,
    "fields": {
        "device_type": 28,
        "name": "tengigabitethernet1/15",
        "type": 1200,
        "mgmt_only": false
    }
},
{
    "model": "dcim.interfacetemplate",
    "pk": 1004,
    "fields": {
        "device_type": 28,
        "name": "tengigabitethernet1/16",
        "type": 1200,
        "mgmt_only": false
    }
},
{
    "model": "dcim.interfacetemplate",
    "pk": 1005,
    "fields": {
        "device_type": 28,
        "name": "tengigabitethernet1/17",
        "type": 1200,
        "mgmt_only": false
    }
},
{
    "model": "dcim.interfacetemplate",
    "pk": 1006,
    "fields": {
        "device_type": 28,
        "name": "tengigabitethernet1/18",
        "type": 1200,
        "mgmt_only": false
    }
},
{
    "model": "dcim.interfacetemplate",
    "pk": 1007,
    "fields": {
        "device_type": 28,
        "name": "tengigabitethernet1/19",
        "type": 1200,
        "mgmt_only": false
    }
},
{
    "model": "dcim.interfacetemplate",
    "pk": 1008,
    "fields": {
        "device_type": 28,
        "name": "tengigabitethernet1/20",
        "type": 1200,
        "mgmt_only": false
    }
},
{
    "model": "dcim.interfacetemplate",
    "pk": 1009,
    "fields": {
        "device_type": 28,
        "name": "tengigabitethernet1/21",
        "type": 1200,
        "mgmt_only": false
    }
},
{
    "model": "dcim.interfacetemplate",
    "pk": 1010,
    "fields": {
        "device_type": 28,
        "name": "tengigabitethernet1/22",
        "type": 1200,
        "mgmt_only": false
    }
},
{
    "model": "dcim.interfacetemplate",
    "pk": 1011,
    "fields": {
        "device_type": 28,
        "name": "tengigabitethernet1/23",
        "type": 1200,
        "mgmt_only": false
    }
},
{
    "model": "dcim.interfacetemplate",
    "pk": 1012,
    "fields": {
        "device_type": 28,
        "name": "tengigabitethernet1/24",
        "type": 1200,
        "mgmt_only": false
    }
},
{
    "model": "dcim.interfacetemplate",
    "pk": 1013,
    "fields": {
        "device_type": 28,
        "name": "tengigabitethernet1/25",
        "type": 1200,
        "mgmt_only": false
    }
},
{
    "model": "dcim.interfacetemplate",
    "pk": 1014,
    "fields": {
        "device_type": 28,
        "name": "tengigabitethernet1/26",
        "type": 1200,
        "mgmt_only": false
    }
},
{
    "model": "dcim.interfacetemplate",
    "pk": 1015,
    "fields": {
        "device_type": 28,
        "name": "tengigabitethernet1/27",
        "type": 1200,
        "mgmt_only": false
    }
},
{
    "model": "dcim.interfacetemplate",
    "pk": 1016,
    "fields": {
        "device_type": 28,
        "name": "tengigabitethernet1/28",
        "type": 1200,
        "mgmt_only": false
    }
},
{
    "model": "dcim.interfacetemplate",
    "pk": 1017,
    "fields": {
        "device_type": 28,
        "name": "tengigabitethernet1/29",
        "type": 1200,
        "mgmt_only": false
    }
},
{
    "model": "dcim.interfacetemplate",
    "pk": 1018,
    "fields": {
        "device_type": 28,
        "name": "tengigabitethernet1/30",
        "type": 1200,
        "mgmt_only": false
    }
},
{
    "model": "dcim.interfacetemplate",
    "pk": 1019,
    "fields": {
        "device_type": 28,
        "name": "tengigabitethernet1/31",
        "type": 1200,
        "mgmt_only": false
    }
},
{
    "model": "dcim.interfacetemplate",
    "pk": 1020,
    "fields": {
        "device_type": 28,
        "name": "tengigabitethernet1/32",
        "type": 1200,
        "mgmt_only": false
    }
},
{
    "model": "dcim.interfacetemplate",
    "pk": 1021,
    "fields": {
        "device_type": 28,
        "name": "tengigabitethernet1/33",
        "type": 1200,
        "mgmt_only": false
    }
},
{
    "model": "dcim.interfacetemplate",
    "pk": 1022,
    "fields": {
        "device_type": 28,
        "name": "tengigabitethernet1/34",
        "type": 1200,
        "mgmt_only": false
    }
},
{
    "model": "dcim.interfacetemplate",
    "pk": 1023,
    "fields": {
        "device_type": 28,
        "name": "tengigabitethernet1/35",
        "type": 1200,
        "mgmt_only": false
    }
},
{
    "model": "dcim.interfacetemplate",
    "pk": 1024,
    "fields": {
        "device_type": 28,
        "name": "tengigabitethernet1/36",
        "type": 1200,
        "mgmt_only": false
    }
},
{
    "model": "dcim.interfacetemplate",
    "pk": 1025,
    "fields": {
        "device_type": 28,
        "name": "tengigabitethernet1/37",
        "type": 1200,
        "mgmt_only": false
    }
},
{
    "model": "dcim.interfacetemplate",
    "pk": 1026,
    "fields": {
        "device_type": 28,
        "name": "tengigabitethernet1/38",
        "type": 1200,
        "mgmt_only": false
    }
},
{
    "model": "dcim.interfacetemplate",
    "pk": 1027,
    "fields": {
        "device_type": 28,
        "name": "tengigabitethernet1/39",
        "type": 1200,
        "mgmt_only": false
    }
},
{
    "model": "dcim.interfacetemplate",
    "pk": 1028,
    "fields": {
        "device_type": 28,
        "name": "tengigabitethernet1/40",
        "type": 1200,
        "mgmt_only": false
    }
},
{
    "model": "dcim.interfacetemplate",
    "pk": 1029,
    "fields": {
        "device_type": 28,
        "name": "tengigabitethernet1/41",
        "type": 1200,
        "mgmt_only": false
    }
},
{
    "model": "dcim.interfacetemplate",
    "pk": 1030,
    "fields": {
        "device_type": 28,
        "name": "tengigabitethernet1/42",
        "type": 1200,
        "mgmt_only": false
    }
},
{
    "model": "dcim.interfacetemplate",
    "pk": 1031,
    "fields": {
        "device_type": 28,
        "name": "tengigabitethernet1/43",
        "type": 1200,
        "mgmt_only": false
    }
},
{
    "model": "dcim.interfacetemplate",
    "pk": 1032,
    "fields": {
        "device_type": 28,
        "name": "tengigabitethernet1/44",
        "type": 1200,
        "mgmt_only": false
    }
},
{
    "model": "dcim.interfacetemplate",
    "pk": 1033,
    "fields": {
        "device_type": 28,
        "name": "tengigabitethernet1/45",
        "type": 1200,
        "mgmt_only": false
    }
},
{
    "model": "dcim.interfacetemplate",
    "pk": 1034,
    "fields": {
        "device_type": 28,
        "name": "tengigabitethernet1/46",
        "type": 1200,
        "mgmt_only": false
    }
},
{
    "model": "dcim.interfacetemplate",
    "pk": 1035,
    "fields": {
        "device_type": 28,
        "name": "tengigabitethernet1/47",
        "type": 1200,
        "mgmt_only": false
    }
},
{
    "model": "dcim.interfacetemplate",
    "pk": 1036,
    "fields": {
        "device_type": 28,
        "name": "tengigabitethernet1/48",
        "type": 1200,
        "mgmt_only": false
    }
},
{
    "model": "dcim.devicerole",
    "pk": 4,
    "fields": {
        "created": "2019-08-02",
        "last_updated": "2019-08-02T20:11:01.871Z",
        "name": "Edge Router",
        "slug": "edge-router",
        "color": "",
        "vm_role": true
    }
},
{
    "model": "dcim.platform",
    "pk": 3,
    "fields": {
        "created": "2019-08-02",
        "last_updated": "2019-08-02T20:11:01.866Z",
        "name": "Junos",
        "slug": "junos",
        "manufacturer": null,
        "napalm_driver": "",
        "napalm_args": null
    }
},
{
    "model": "dcim.device",
    "pk": 5,
    "fields": {
        "local_context_data": null,
        "created": "2019-08-02",
        "last_updated": "2019-08-02T20:11:01.876Z",
        "device_type": 25,
        "device_role": 4,
        "tenant": null,
        "platform": 3,
        "name": "dc1-edge1",
        "serial": "",
        "asset_tag": null,
        "site": 67,
        "rack": 97,
        "position": 10,
        "face": null,
        "status": 1,
        "primary_ip4": null,
        "primary_ip6": null,
        "cluster": null,
        "virtual_chassis": null,
        "vc_position": null,
        "vc_priority": null,
        "comments": ""
    }
},
{
    "model": "dcim.device",
    "pk": 6,
    "fields": {
        "local_context_data": null,
        "created": "2019-08-02",
        "last_updated": "2019-08-02T20:11:01.913Z",
        "device_type": 25,
        "device_role": 4,
        "tenant": null,
        "platform": 3,
        "name": "dc1-edge2",
        "serial": "",
        "asset_tag": null,
        "site": 67,
        "rack": 97,
        "position": 15,
        "face": null,
        "status": 1,
        "primary_ip4": null,
        "primary_ip6": null,
        "cluster": null,
        "virtual_chassis": null,
        "vc_position": null,
        "vc_priority": null,
        "comments": ""
    }
},
{
    "model": "dcim.consoleport",
    "pk": 5,
    "fields": {
        "description": "",
        "cable": null,
        "device": 5,
        "name": "Console",
        "connected_endpoint": null,
        "connection_status": null
    }
},
{
    "model": "dcim.consoleport",
    "pk": 6,
    "fields": {
        "description": "",
        "cable": null,
        "device": 6,
        "name": "Console",
        "connected_endpoint": null,
        "connection_status": null
    }
},
{
    "model": "dcim.powerport",
    "pk": 9,
    "fields": {
        "description": "",
        "cable": null,
        "device": 5,
        "name": "PEM 0",
        "maximum_draw": null,
        "allocated_draw": null,
        "_connected_poweroutlet": null,
        "_connected_powerfeed": null,
        "connection_status": null
    }
},
{
    "model": "dcim.powerport",
    "pk": 10,
    "fields": {
        "description": "",
        "cable": null,
        "device": 5,
        "name": "PEM 1",
        "maximum_draw": null,
        "allocated_draw": null,
        "_connected_poweroutlet": null,
        "_connected_powerfeed": null,
        "connection_status": null
    }
},
{
    "model": "dcim.powerport",
    "pk": 11,
    "fields": {
        "description": "",
        "cable": null,
        "device": 6,
        "name": "PEM 0",
        "maximum_draw": null,
        "allocated_draw": null,
        "_connected_poweroutlet": null,
        "_connected_powerfeed": null,
        "connection_status": null
    }
},
{
    "model": "dcim.powerport",
    "pk": 12,
    "fields": {
        "description": "",
        "cable": null,
        "device": 6,
        "name": "PEM 1",
        "maximum_draw": null,
        "allocated_draw": null,
        "_connected_poweroutlet": null,
        "_connected_powerfeed": null,
        "connection_status": null
    }
},
{
    "model": "tenancy.tenantgroup",
    "pk": 7,
    "fields": {
        "created": "2019-08-02",
        "last_updated": "2019-08-02T20:11:01.418Z",
        "name": "Customers",
        "slug": "customers"
    }
},
{
    "model": "tenancy.tenant",
    "pk": 31,
    "fields": {
        "created": "2019-08-02",
        "last_updated": "2019-08-02T20:11:01.421Z",
        "name": "Dunder Mifflin",
        "slug": "dunder-mifflin",
        "group": 7,
        "description": "",
        "comments": ""
    }
},
{
    "model": "tenancy.tenant",
    "pk": 32,
    "fields": {
        "created": "2019-08-02",
        "last_updated": "2019-08-02T20:11:01.424Z",
        "name": "Pied Piper",
        "slug": "pied-piper",
        "group": 7,
        "description": "",
        "comments": ""
    }
},
{
    "model": "tenancy.tenant",
    "pk": 33,
    "fields": {
        "created": "2019-08-02",
        "last_updated": "2019-08-02T20:11:01.427Z",
        "name": "Reynholm Industries",
        "slug": "reynholm-industries",
        "group": 7,
        "description": "",
        "comments": ""
    }
},
{
    "model": "tenancy.tenant",
    "pk": 34,
    "fields": {
        "created": "2019-08-02",
        "last_updated": "2019-08-02T20:11:01.430Z",
        "name": "Springfield Nuclear",
        "slug": "springfield-nuclear",
        "group": 7,
        "description": "",
        "comments": ""
    }
},
{
    "model": "tenancy.tenant",
    "pk": 35,
    "fields": {
        "created": "2019-08-02",
        "last_updated": "2019-08-02T20:11:01.433Z",
        "name": "Strickland Propane",
        "slug": "strickland-propane",
        "group": 7,
        "description": "",
        "comments": ""
    }
},
{
    "model": "auth.permission",
    "fields": {
        "name": "Can add log entry",
        "content_type": [
            "admin",
            "logentry"
        ],
        "codename": "add_logentry"
    }
},
{
    "model": "auth.permission",
    "fields": {
        "name": "Can change log entry",
        "content_type": [
            "admin",
            "logentry"
        ],
        "codename": "change_logentry"
    }
},
{
    "model": "auth.permission",
    "fields": {
        "name": "Can delete log entry",
        "content_type": [
            "admin",
            "logentry"
        ],
        "codename": "delete_logentry"
    }
},
{
    "model": "auth.permission",
    "fields": {
        "name": "Can view log entry",
        "content_type": [
            "admin",
            "logentry"
        ],
        "codename": "view_logentry"
    }
},
{
    "model": "auth.permission",
    "fields": {
        "name": "Can add user",
        "content_type": [
            "auth",
            "user"
        ],
        "codename": "add_user"
    }
},
{
    "model": "auth.permission",
    "fields": {
        "name": "Can change user",
        "content_type": [
            "auth",
            "user"
        ],
        "codename": "change_user"
    }
},
{
    "model": "auth.permission",
    "fields": {
        "name": "Can delete user",
        "content_type": [
            "auth",
            "user"
        ],
        "codename": "delete_user"
    }
},
{
    "model": "auth.permission",
    "fields": {
        "name": "Can view user",
        "content_type": [
            "auth",
            "user"
        ],
        "codename": "view_user"
    }
},
{
    "model": "auth.permission",
    "fields": {
        "name": "Can add group",
        "content_type": [
            "auth",
            "group"
        ],
        "codename": "add_group"
    }
},
{
    "model": "auth.permission",
    "fields": {
        "name": "Can change group",
        "content_type": [
            "auth",
            "group"
        ],
        "codename": "change_group"
    }
},
{
    "model": "auth.permission",
    "fields": {
        "name": "Can delete group",
        "content_type": [
            "auth",
            "group"
        ],
        "codename": "delete_group"
    }
},
{
    "model": "auth.permission",
    "fields": {
        "name": "Can view group",
        "content_type": [
            "auth",
            "group"
        ],
        "codename": "view_group"
    }
},
{
    "model": "auth.permission",
    "fields": {
        "name": "Can add permission",
        "content_type": [
            "auth",
            "permission"
        ],
        "codename": "add_permission"
    }
},
{
    "model": "auth.permission",
    "fields": {
        "name": "Can change permission",
        "content_type": [
            "auth",
            "permission"
        ],
        "codename": "change_permission"
    }
},
{
    "model": "auth.permission",
    "fields": {
        "name": "Can delete permission",
        "content_type": [
            "auth",
            "permission"
        ],
        "codename": "delete_permission"
    }
},
{
    "model": "auth.permission",
    "fields": {
        "name": "Can view permission",
        "content_type": [
            "auth",
            "permission"
        ],
        "codename": "view_permission"
    }
},
{
    "model": "auth.permission",
    "fields": {
        "name": "Can add content type",
        "content_type": [
            "contenttypes",
            "contenttype"
        ],
        "codename": "add_contenttype"
    }
},
{
    "model": "auth.permission",
    "fields": {
        "name": "Can change content type",
        "content_type": [
            "contenttypes",
            "contenttype"
        ],
        "codename": "change_contenttype"
    }
},
{
    "model": "auth.permission",
    "fields": {
        "name": "Can delete content type",
        "content_type": [
            "contenttypes",
            "contenttype"
        ],
        "codename": "delete_contenttype"
    }
},
{
    "model": "auth.permission",
    "fields": {
        "name": "Can view content type",
        "content_type": [
            "contenttypes",
            "contenttype"
        ],
        "codename": "view_contenttype"
    }
},
{
    "model": "auth.permission",
    "fields": {
        "name": "Can add session",
        "content_type": [
            "sessions",
            "session"
        ],
        "codename": "add_session"
    }
},
{
    "model": "auth.permission",
    "fields": {
        "name": "Can change session",
        "content_type": [
            "sessions",
            "session"
        ],
        "codename": "change_session"
    }
},
{
    "model": "auth.permission",
    "fields": {
        "name": "Can delete session",
        "content_type": [
            "sessions",
            "session"
        ],
        "codename": "delete_session"
    }
},
{
    "model": "auth.permission",
    "fields": {
        "name": "Can view session",
        "content_type": [
            "sessions",
            "session"
        ],
        "codename": "view_session"
    }
},
{
    "model": "auth.permission",
    "fields": {
        "name": "Can add Tag",
        "content_type": [
            "taggit",
            "tag"
        ],
        "codename": "add_tag"
    }
},
{
    "model": "auth.permission",
    "fields": {
        "name": "Can change Tag",
        "content_type": [
            "taggit",
            "tag"
        ],
        "codename": "change_tag"
    }
},
{
    "model": "auth.permission",
    "fields": {
        "name": "Can delete Tag",
        "content_type": [
            "taggit",
            "tag"
        ],
        "codename": "delete_tag"
    }
},
{
    "model": "auth.permission",
    "fields": {
        "name": "Can view Tag",
        "content_type": [
            "taggit",
            "tag"
        ],
        "codename": "view_tag"
    }
},
{
    "model": "auth.permission",
    "fields": {
        "name": "Can add Tagged Item",
        "content_type": [
            "taggit",
            "taggeditem"
        ],
        "codename": "add_taggeditem"
    }
},
{
    "model": "auth.permission",
    "fields": {
        "name": "Can change Tagged Item",
        "content_type": [
            "taggit",
            "taggeditem"
        ],
        "codename": "change_taggeditem"
    }
},
{
    "model": "auth.permission",
    "fields": {
        "name": "Can delete Tagged Item",
        "content_type": [
            "taggit",
            "taggeditem"
        ],
        "codename": "delete_taggeditem"
    }
},
{
    "model": "auth.permission",
    "fields": {
        "name": "Can view Tagged Item",
        "content_type": [
            "taggit",
            "taggeditem"
        ],
        "codename": "view_taggeditem"
    }
},
{
    "model": "auth.permission",
    "fields": {
        "name": "Can add provider",
        "content_type": [
            "circuits",
            "provider"
        ],
        "codename": "add_provider"
    }
},
{
    "model": "auth.permission",
    "fields": {
        "name": "Can change provider",
        "content_type": [
            "circuits",
            "provider"
        ],
        "codename": "change_provider"
    }
},
{
    "model": "auth.permission",
    "fields": {
        "name": "Can delete provider",
        "content_type": [
            "circuits",
            "provider"
        ],
        "codename": "delete_provider"
    }
},
{
    "model": "auth.permission",
    "fields": {
        "name": "Can view provider",
        "content_type": [
            "circuits",
            "provider"
        ],
        "codename": "view_provider"
    }
},
{
    "model": "auth.permission",
    "fields": {
        "name": "Can add circuit termination",
        "content_type": [
            "circuits",
            "circuittermination"
        ],
        "codename": "add_circuittermination"
    }
},
{
    "model": "auth.permission",
    "fields": {
        "name": "Can change circuit termination",
        "content_type": [
            "circuits",
            "circuittermination"
        ],
        "codename": "change_circuittermination"
    }
},
{
    "model": "auth.permission",
    "fields": {
        "name": "Can delete circuit termination",
        "content_type": [
            "circuits",
            "circuittermination"
        ],
        "codename": "delete_circuittermination"
    }
},
{
    "model": "auth.permission",
    "fields": {
        "name": "Can view circuit termination",
        "content_type": [
            "circuits",
            "circuittermination"
        ],
        "codename": "view_circuittermination"
    }
},
{
    "model": "auth.permission",
    "fields": {
        "name": "Can add circuit",
        "content_type": [
            "circuits",
            "circuit"
        ],
        "codename": "add_circuit"
    }
},
{
    "model": "auth.permission",
    "fields": {
        "name": "Can change circuit",
        "content_type": [
            "circuits",
            "circuit"
        ],
        "codename": "change_circuit"
    }
},
{
    "model": "auth.permission",
    "fields": {
        "name": "Can delete circuit",
        "content_type": [
            "circuits",
            "circuit"
        ],
        "codename": "delete_circuit"
    }
},
{
    "model": "auth.permission",
    "fields": {
        "name": "Can view circuit",
        "content_type": [
            "circuits",
            "circuit"
        ],
        "codename": "view_circuit"
    }
},
{
    "model": "auth.permission",
    "fields": {
        "name": "Can add circuit type",
        "content_type": [
            "circuits",
            "circuittype"
        ],
        "codename": "add_circuittype"
    }
},
{
    "model": "auth.permission",
    "fields": {
        "name": "Can change circuit type",
        "content_type": [
            "circuits",
            "circuittype"
        ],
        "codename": "change_circuittype"
    }
},
{
    "model": "auth.permission",
    "fields": {
        "name": "Can delete circuit type",
        "content_type": [
            "circuits",
            "circuittype"
        ],
        "codename": "delete_circuittype"
    }
},
{
    "model": "auth.permission",
    "fields": {
        "name": "Can view circuit type",
        "content_type": [
            "circuits",
            "circuittype"
        ],
        "codename": "view_circuittype"
    }
},
{
    "model": "auth.permission",
    "fields": {
        "name": "Can add cable",
        "content_type": [
            "dcim",
            "cable"
        ],
        "codename": "add_cable"
    }
},
{
    "model": "auth.permission",
    "fields": {
        "name": "Can change cable",
        "content_type": [
            "dcim",
            "cable"
        ],
        "codename": "change_cable"
    }
},
{
    "model": "auth.permission",
    "fields": {
        "name": "Can delete cable",
        "content_type": [
            "dcim",
            "cable"
        ],
        "codename": "delete_cable"
    }
},
{
    "model": "auth.permission",
    "fields": {
        "name": "Can view cable",
        "content_type": [
            "dcim",
            "cable"
        ],
        "codename": "view_cable"
    }
},
{
    "model": "auth.permission",
    "fields": {
        "name": "Can add power outlet template",
        "content_type": [
            "dcim",
            "poweroutlettemplate"
        ],
        "codename": "add_poweroutlettemplate"
    }
},
{
    "model": "auth.permission",
    "fields": {
        "name": "Can change power outlet template",
        "content_type": [
            "dcim",
            "poweroutlettemplate"
        ],
        "codename": "change_poweroutlettemplate"
    }
},
{
    "model": "auth.permission",
    "fields": {
        "name": "Can delete power outlet template",
        "content_type": [
            "dcim",
            "poweroutlettemplate"
        ],
        "codename": "delete_poweroutlettemplate"
    }
},
{
    "model": "auth.permission",
    "fields": {
        "name": "Can view power outlet template",
        "content_type": [
            "dcim",
            "poweroutlettemplate"
        ],
        "codename": "view_poweroutlettemplate"
    }
},
{
    "model": "auth.permission",
    "fields": {
        "name": "Can add front port",
        "content_type": [
            "dcim",
            "frontport"
        ],
        "codename": "add_frontport"
    }
},
{
    "model": "auth.permission",
    "fields": {
        "name": "Can change front port",
        "content_type": [
            "dcim",
            "frontport"
        ],
        "codename": "change_frontport"
    }
},
{
    "model": "auth.permission",
    "fields": {
        "name": "Can delete front port",
        "content_type": [
            "dcim",
            "frontport"
        ],
        "codename": "delete_frontport"
    }
},
{
    "model": "auth.permission",
    "fields": {
        "name": "Can view front port",
        "content_type": [
            "dcim",
            "frontport"
        ],
        "codename": "view_frontport"
    }
},
{
    "model": "auth.permission",
    "fields": {
        "name": "Can add interface",
        "content_type": [
            "dcim",
            "interface"
        ],
        "codename": "add_interface"
    }
},
{
    "model": "auth.permission",
    "fields": {
        "name": "Can change interface",
        "content_type": [
            "dcim",
            "interface"
        ],
        "codename": "change_interface"
    }
},
{
    "model": "auth.permission",
    "fields": {
        "name": "Can delete interface",
        "content_type": [
            "dcim",
            "interface"
        ],
        "codename": "delete_interface"
    }
},
{
    "model": "auth.permission",
    "fields": {
        "name": "Can view interface",
        "content_type": [
            "dcim",
            "interface"
        ],
        "codename": "view_interface"
    }
},
{
    "model": "auth.permission",
    "fields": {
        "name": "Can add rack group",
        "content_type": [
            "dcim",
            "rackgroup"
        ],
        "codename": "add_rackgroup"
    }
},
{
    "model": "auth.permission",
    "fields": {
        "name": "Can change rack group",
        "content_type": [
            "dcim",
            "rackgroup"
        ],
        "codename": "change_rackgroup"
    }
},
{
    "model": "auth.permission",
    "fields": {
        "name": "Can delete rack group",
        "content_type": [
            "dcim",
            "rackgroup"
        ],
        "codename": "delete_rackgroup"
    }
},
{
    "model": "auth.permission",
    "fields": {
        "name": "Can view rack group",
        "content_type": [
            "dcim",
            "rackgroup"
        ],
        "codename": "view_rackgroup"
    }
},
{
    "model": "auth.permission",
    "fields": {
        "name": "Can add interface template",
        "content_type": [
            "dcim",
            "interfacetemplate"
        ],
        "codename": "add_interfacetemplate"
    }
},
{
    "model": "auth.permission",
    "fields": {
        "name": "Can change interface template",
        "content_type": [
            "dcim",
            "interfacetemplate"
        ],
        "codename": "change_interfacetemplate"
    }
},
{
    "model": "auth.permission",
    "fields": {
        "name": "Can delete interface template",
        "content_type": [
            "dcim",
            "interfacetemplate"
        ],
        "codename": "delete_interfacetemplate"
    }
},
{
    "model": "auth.permission",
    "fields": {
        "name": "Can view interface template",
        "content_type": [
            "dcim",
            "interfacetemplate"
        ],
        "codename": "view_interfacetemplate"
    }
},
{
    "model": "auth.permission",
    "fields": {
        "name": "Can add platform",
        "content_type": [
            "dcim",
            "platform"
        ],
        "codename": "add_platform"
    }
},
{
    "model": "auth.permission",
    "fields": {
        "name": "Can change platform",
        "content_type": [
            "dcim",
            "platform"
        ],
        "codename": "change_platform"
    }
},
{
    "model": "auth.permission",
    "fields": {
        "name": "Can delete platform",
        "content_type": [
            "dcim",
            "platform"
        ],
        "codename": "delete_platform"
    }
},
{
    "model": "auth.permission",
    "fields": {
        "name": "Can view platform",
        "content_type": [
            "dcim",
            "platform"
        ],
        "codename": "view_platform"
    }
},
{
    "model": "auth.permission",
    "fields": {
        "name": "Can add device bay",
        "content_type": [
            "dcim",
            "devicebay"
        ],
        "codename": "add_devicebay"
    }
},
{
    "model": "auth.permission",
    "fields": {
        "name": "Can change device bay",
        "content_type": [
            "dcim",
            "devicebay"
        ],
        "codename": "change_devicebay"
    }
},
{
    "model": "auth.permission",
    "fields": {
        "name": "Can delete device bay",
        "content_type": [
            "dcim",
            "devicebay"
        ],
        "codename": "delete_devicebay"
    }
},
{
    "model": "auth.permission",
    "fields": {
        "name": "Can view device bay",
        "content_type": [
            "dcim",
            "devicebay"
        ],
        "codename": "view_devicebay"
    }
},
{
    "model": "auth.permission",
    "fields": {
        "name": "Can add rack reservation",
        "content_type": [
            "dcim",
            "rackreservation"
        ],
        "codename": "add_rackreservation"
    }
},
{
    "model": "auth.permission",
    "fields": {
        "name": "Can change rack reservation",
        "content_type": [
            "dcim",
            "rackreservation"
        ],
        "codename": "change_rackreservation"
    }
},
{
    "model": "auth.permission",
    "fields": {
        "name": "Can delete rack reservation",
        "content_type": [
            "dcim",
            "rackreservation"
        ],
        "codename": "delete_rackreservation"
    }
},
{
    "model": "auth.permission",
    "fields": {
        "name": "Can view rack reservation",
        "content_type": [
            "dcim",
            "rackreservation"
        ],
        "codename": "view_rackreservation"
    }
},
{
    "model": "auth.permission",
    "fields": {
        "name": "Can add rack",
        "content_type": [
            "dcim",
            "rack"
        ],
        "codename": "add_rack"
    }
},
{
    "model": "auth.permission",
    "fields": {
        "name": "Can change rack",
        "content_type": [
            "dcim",
            "rack"
        ],
        "codename": "change_rack"
    }
},
{
    "model": "auth.permission",
    "fields": {
        "name": "Can delete rack",
        "content_type": [
            "dcim",
            "rack"
        ],
        "codename": "delete_rack"
    }
},
{
    "model": "auth.permission",
    "fields": {
        "name": "Can view rack",
        "content_type": [
            "dcim",
            "rack"
        ],
        "codename": "view_rack"
    }
},
{
    "model": "auth.permission",
    "fields": {
        "name": "Can add rack role",
        "content_type": [
            "dcim",
            "rackrole"
        ],
        "codename": "add_rackrole"
    }
},
{
    "model": "auth.permission",
    "fields": {
        "name": "Can change rack role",
        "content_type": [
            "dcim",
            "rackrole"
        ],
        "codename": "change_rackrole"
    }
},
{
    "model": "auth.permission",
    "fields": {
        "name": "Can delete rack role",
        "content_type": [
            "dcim",
            "rackrole"
        ],
        "codename": "delete_rackrole"
    }
},
{
    "model": "auth.permission",
    "fields": {
        "name": "Can view rack role",
        "content_type": [
            "dcim",
            "rackrole"
        ],
        "codename": "view_rackrole"
    }
},
{
    "model": "auth.permission",
    "fields": {
        "name": "Can add front port template",
        "content_type": [
            "dcim",
            "frontporttemplate"
        ],
        "codename": "add_frontporttemplate"
    }
},
{
    "model": "auth.permission",
    "fields": {
        "name": "Can change front port template",
        "content_type": [
            "dcim",
            "frontporttemplate"
        ],
        "codename": "change_frontporttemplate"
    }
},
{
    "model": "auth.permission",
    "fields": {
        "name": "Can delete front port template",
        "content_type": [
            "dcim",
            "frontporttemplate"
        ],
        "codename": "delete_frontporttemplate"
    }
},
{
    "model": "auth.permission",
    "fields": {
        "name": "Can view front port template",
        "content_type": [
            "dcim",
            "frontporttemplate"
        ],
        "codename": "view_frontporttemplate"
    }
},
{
    "model": "auth.permission",
    "fields": {
        "name": "Can add inventory item",
        "content_type": [
            "dcim",
            "inventoryitem"
        ],
        "codename": "add_inventoryitem"
    }
},
{
    "model": "auth.permission",
    "fields": {
        "name": "Can change inventory item",
        "content_type": [
            "dcim",
            "inventoryitem"
        ],
        "codename": "change_inventoryitem"
    }
},
{
    "model": "auth.permission",
    "fields": {
        "name": "Can delete inventory item",
        "content_type": [
            "dcim",
            "inventoryitem"
        ],
        "codename": "delete_inventoryitem"
    }
},
{
    "model": "auth.permission",
    "fields": {
        "name": "Can view inventory item",
        "content_type": [
            "dcim",
            "inventoryitem"
        ],
        "codename": "view_inventoryitem"
    }
},
{
    "model": "auth.permission",
    "fields": {
        "name": "Can add console port",
        "content_type": [
            "dcim",
            "consoleport"
        ],
        "codename": "add_consoleport"
    }
},
{
    "model": "auth.permission",
    "fields": {
        "name": "Can change console port",
        "content_type": [
            "dcim",
            "consoleport"
        ],
        "codename": "change_consoleport"
    }
},
{
    "model": "auth.permission",
    "fields": {
        "name": "Can delete console port",
        "content_type": [
            "dcim",
            "consoleport"
        ],
        "codename": "delete_consoleport"
    }
},
{
    "model": "auth.permission",
    "fields": {
        "name": "Can view console port",
        "content_type": [
            "dcim",
            "consoleport"
        ],
        "codename": "view_consoleport"
    }
},
{
    "model": "auth.permission",
    "fields": {
        "name": "Can add region",
        "content_type": [
            "dcim",
            "region"
        ],
        "codename": "add_region"
    }
},
{
    "model": "auth.permission",
    "fields": {
        "name": "Can change region",
        "content_type": [
            "dcim",
            "region"
        ],
        "codename": "change_region"
    }
},
{
    "model": "auth.permission",
    "fields": {
        "name": "Can delete region",
        "content_type": [
            "dcim",
            "region"
        ],
        "codename": "delete_region"
    }
},
{
    "model": "auth.permission",
    "fields": {
        "name": "Can view region",
        "content_type": [
            "dcim",
            "region"
        ],
        "codename": "view_region"
    }
},
{
    "model": "auth.permission",
    "fields": {
        "name": "Can add device bay template",
        "content_type": [
            "dcim",
            "devicebaytemplate"
        ],
        "codename": "add_devicebaytemplate"
    }
},
{
    "model": "auth.permission",
    "fields": {
        "name": "Can change device bay template",
        "content_type": [
            "dcim",
            "devicebaytemplate"
        ],
        "codename": "change_devicebaytemplate"
    }
},
{
    "model": "auth.permission",
    "fields": {
        "name": "Can delete device bay template",
        "content_type": [
            "dcim",
            "devicebaytemplate"
        ],
        "codename": "delete_devicebaytemplate"
    }
},
{
    "model": "auth.permission",
    "fields": {
        "name": "Can view device bay template",
        "content_type": [
            "dcim",
            "devicebaytemplate"
        ],
        "codename": "view_devicebaytemplate"
    }
},
{
    "model": "auth.permission",
    "fields": {
        "name": "Can add power panel",
        "content_type": [
            "dcim",
            "powerpanel"
        ],
        "codename": "add_powerpanel"
    }
},
{
    "model": "auth.permission",
    "fields": {
        "name": "Can change power panel",
        "content_type": [
            "dcim",
            "powerpanel"
        ],
        "codename": "change_powerpanel"
    }
},
{
    "model": "auth.permission",
    "fields": {
        "name": "Can delete power panel",
        "content_type": [
            "dcim",
            "powerpanel"
        ],
        "codename": "delete_powerpanel"
    }
},
{
    "model": "auth.permission",
    "fields": {
        "name": "Can view power panel",
        "content_type": [
            "dcim",
            "powerpanel"
        ],
        "codename": "view_powerpanel"
    }
},
{
    "model": "auth.permission",
    "fields": {
        "name": "Can add rear port",
        "content_type": [
            "dcim",
            "rearport"
        ],
        "codename": "add_rearport"
    }
},
{
    "model": "auth.permission",
    "fields": {
        "name": "Can change rear port",
        "content_type": [
            "dcim",
            "rearport"
        ],
        "codename": "change_rearport"
    }
},
{
    "model": "auth.permission",
    "fields": {
        "name": "Can delete rear port",
        "content_type": [
            "dcim",
            "rearport"
        ],
        "codename": "delete_rearport"
    }
},
{
    "model": "auth.permission",
    "fields": {
        "name": "Can view rear port",
        "content_type": [
            "dcim",
            "rearport"
        ],
        "codename": "view_rearport"
    }
},
{
    "model": "auth.permission",
    "fields": {
        "name": "Can add virtual chassis",
        "content_type": [
            "dcim",
            "virtualchassis"
        ],
        "codename": "add_virtualchassis"
    }
},
{
    "model": "auth.permission",
    "fields": {
        "name": "Can change virtual chassis",
        "content_type": [
            "dcim",
            "virtualchassis"
        ],
        "codename": "change_virtualchassis"
    }
},
{
    "model": "auth.permission",
    "fields": {
        "name": "Can delete virtual chassis",
        "content_type": [
            "dcim",
            "virtualchassis"
        ],
        "codename": "delete_virtualchassis"
    }
},
{
    "model": "auth.permission",
    "fields": {
        "name": "Can view virtual chassis",
        "content_type": [
            "dcim",
            "virtualchassis"
        ],
        "codename": "view_virtualchassis"
    }
},
{
    "model": "auth.permission",
    "fields": {
        "name": "Can add console server port template",
        "content_type": [
            "dcim",
            "consoleserverporttemplate"
        ],
        "codename": "add_consoleserverporttemplate"
    }
},
{
    "model": "auth.permission",
    "fields": {
        "name": "Can change console server port template",
        "content_type": [
            "dcim",
            "consoleserverporttemplate"
        ],
        "codename": "change_consoleserverporttemplate"
    }
},
{
    "model": "auth.permission",
    "fields": {
        "name": "Can delete console server port template",
        "content_type": [
            "dcim",
            "consoleserverporttemplate"
        ],
        "codename": "delete_consoleserverporttemplate"
    }
},
{
    "model": "auth.permission",
    "fields": {
        "name": "Can view console server port template",
        "content_type": [
            "dcim",
            "consoleserverporttemplate"
        ],
        "codename": "view_consoleserverporttemplate"
    }
},
{
    "model": "auth.permission",
    "fields": {
        "name": "Can add power outlet",
        "content_type": [
            "dcim",
            "poweroutlet"
        ],
        "codename": "add_poweroutlet"
    }
},
{
    "model": "auth.permission",
    "fields": {
        "name": "Can change power outlet",
        "content_type": [
            "dcim",
            "poweroutlet"
        ],
        "codename": "change_poweroutlet"
    }
},
{
    "model": "auth.permission",
    "fields": {
        "name": "Can delete power outlet",
        "content_type": [
            "dcim",
            "poweroutlet"
        ],
        "codename": "delete_poweroutlet"
    }
},
{
    "model": "auth.permission",
    "fields": {
        "name": "Can view power outlet",
        "content_type": [
            "dcim",
            "poweroutlet"
        ],
        "codename": "view_poweroutlet"
    }
},
{
    "model": "auth.permission",
    "fields": {
        "name": "Can add device",
        "content_type": [
            "dcim",
            "device"
        ],
        "codename": "add_device"
    }
},
{
    "model": "auth.permission",
    "fields": {
        "name": "Can change device",
        "content_type": [
            "dcim",
            "device"
        ],
        "codename": "change_device"
    }
},
{
    "model": "auth.permission",
    "fields": {
        "name": "Can delete device",
        "content_type": [
            "dcim",
            "device"
        ],
        "codename": "delete_device"
    }
},
{
    "model": "auth.permission",
    "fields": {
        "name": "Can view device",
        "content_type": [
            "dcim",
            "device"
        ],
        "codename": "view_device"
    }
},
{
    "model": "auth.permission",
    "fields": {
        "name": "Read-only access to devices via NAPALM",
        "content_type": [
            "dcim",
            "device"
        ],
        "codename": "napalm_read"
    }
},
{
    "model": "auth.permission",
    "fields": {
        "name": "Read/write access to devices via NAPALM",
        "content_type": [
            "dcim",
            "device"
        ],
        "codename": "napalm_write"
    }
},
{
    "model": "auth.permission",
    "fields": {
        "name": "Can add site",
        "content_type": [
            "dcim",
            "site"
        ],
        "codename": "add_site"
    }
},
{
    "model": "auth.permission",
    "fields": {
        "name": "Can change site",
        "content_type": [
            "dcim",
            "site"
        ],
        "codename": "change_site"
    }
},
{
    "model": "auth.permission",
    "fields": {
        "name": "Can delete site",
        "content_type": [
            "dcim",
            "site"
        ],
        "codename": "delete_site"
    }
},
{
    "model": "auth.permission",
    "fields": {
        "name": "Can view site",
        "content_type": [
            "dcim",
            "site"
        ],
        "codename": "view_site"
    }
},
{
    "model": "auth.permission",
    "fields": {
        "name": "Can add manufacturer",
        "content_type": [
            "dcim",
            "manufacturer"
        ],
        "codename": "add_manufacturer"
    }
},
{
    "model": "auth.permission",
    "fields": {
        "name": "Can change manufacturer",
        "content_type": [
            "dcim",
            "manufacturer"
        ],
        "codename": "change_manufacturer"
    }
},
{
    "model": "auth.permission",
    "fields": {
        "name": "Can delete manufacturer",
        "content_type": [
            "dcim",
            "manufacturer"
        ],
        "codename": "delete_manufacturer"
    }
},
{
    "model": "auth.permission",
    "fields": {
        "name": "Can view manufacturer",
        "content_type": [
            "dcim",
            "manufacturer"
        ],
        "codename": "view_manufacturer"
    }
},
{
    "model": "auth.permission",
    "fields": {
        "name": "Can add device type",
        "content_type": [
            "dcim",
            "devicetype"
        ],
        "codename": "add_devicetype"
    }
},
{
    "model": "auth.permission",
    "fields": {
        "name": "Can change device type",
        "content_type": [
            "dcim",
            "devicetype"
        ],
        "codename": "change_devicetype"
    }
},
{
    "model": "auth.permission",
    "fields": {
        "name": "Can delete device type",
        "content_type": [
            "dcim",
            "devicetype"
        ],
        "codename": "delete_devicetype"
    }
},
{
    "model": "auth.permission",
    "fields": {
        "name": "Can view device type",
        "content_type": [
            "dcim",
            "devicetype"
        ],
        "codename": "view_devicetype"
    }
},
{
    "model": "auth.permission",
    "fields": {
        "name": "Can add power port template",
        "content_type": [
            "dcim",
            "powerporttemplate"
        ],
        "codename": "add_powerporttemplate"
    }
},
{
    "model": "auth.permission",
    "fields": {
        "name": "Can change power port template",
        "content_type": [
            "dcim",
            "powerporttemplate"
        ],
        "codename": "change_powerporttemplate"
    }
},
{
    "model": "auth.permission",
    "fields": {
        "name": "Can delete power port template",
        "content_type": [
            "dcim",
            "powerporttemplate"
        ],
        "codename": "delete_powerporttemplate"
    }
},
{
    "model": "auth.permission",
    "fields": {
        "name": "Can view power port template",
        "content_type": [
            "dcim",
            "powerporttemplate"
        ],
        "codename": "view_powerporttemplate"
    }
},
{
    "model": "auth.permission",
    "fields": {
        "name": "Can add console port template",
        "content_type": [
            "dcim",
            "consoleporttemplate"
        ],
        "codename": "add_consoleporttemplate"
    }
},
{
    "model": "auth.permission",
    "fields": {
        "name": "Can change console port template",
        "content_type": [
            "dcim",
            "consoleporttemplate"
        ],
        "codename": "change_consoleporttemplate"
    }
},
{
    "model": "auth.permission",
    "fields": {
        "name": "Can delete console port template",
        "content_type": [
            "dcim",
            "consoleporttemplate"
        ],
        "codename": "delete_consoleporttemplate"
    }
},
{
    "model": "auth.permission",
    "fields": {
        "name": "Can view console port template",
        "content_type": [
            "dcim",
            "consoleporttemplate"
        ],
        "codename": "view_consoleporttemplate"
    }
},
{
    "model": "auth.permission",
    "fields": {
        "name": "Can add device role",
        "content_type": [
            "dcim",
            "devicerole"
        ],
        "codename": "add_devicerole"
    }
},
{
    "model": "auth.permission",
    "fields": {
        "name": "Can change device role",
        "content_type": [
            "dcim",
            "devicerole"
        ],
        "codename": "change_devicerole"
    }
},
{
    "model": "auth.permission",
    "fields": {
        "name": "Can delete device role",
        "content_type": [
            "dcim",
            "devicerole"
        ],
        "codename": "delete_devicerole"
    }
},
{
    "model": "auth.permission",
    "fields": {
        "name": "Can view device role",
        "content_type": [
            "dcim",
            "devicerole"
        ],
        "codename": "view_devicerole"
    }
},
{
    "model": "auth.permission",
    "fields": {
        "name": "Can add power feed",
        "content_type": [
            "dcim",
            "powerfeed"
        ],
        "codename": "add_powerfeed"
    }
},
{
    "model": "auth.permission",
    "fields": {
        "name": "Can change power feed",
        "content_type": [
            "dcim",
            "powerfeed"
        ],
        "codename": "change_powerfeed"
    }
},
{
    "model": "auth.permission",
    "fields": {
        "name": "Can delete power feed",
        "content_type": [
            "dcim",
            "powerfeed"
        ],
        "codename": "delete_powerfeed"
    }
},
{
    "model": "auth.permission",
    "fields": {
        "name": "Can view power feed",
        "content_type": [
            "dcim",
            "powerfeed"
        ],
        "codename": "view_powerfeed"
    }
},
{
    "model": "auth.permission",
    "fields": {
        "name": "Can add power port",
        "content_type": [
            "dcim",
            "powerport"
        ],
        "codename": "add_powerport"
    }
},
{
    "model": "auth.permission",
    "fields": {
        "name": "Can change power port",
        "content_type": [
            "dcim",
            "powerport"
        ],
        "codename": "change_powerport"
    }
},
{
    "model": "auth.permission",
    "fields": {
        "name": "Can delete power port",
        "content_type": [
            "dcim",
            "powerport"
        ],
        "codename": "delete_powerport"
    }
},
{
    "model": "auth.permission",
    "fields": {
        "name": "Can view power port",
        "content_type": [
            "dcim",
            "powerport"
        ],
        "codename": "view_powerport"
    }
},
{
    "model": "auth.permission",
    "fields": {
        "name": "Can add rear port template",
        "content_type": [
            "dcim",
            "rearporttemplate"
        ],
        "codename": "add_rearporttemplate"
    }
},
{
    "model": "auth.permission",
    "fields": {
        "name": "Can change rear port template",
        "content_type": [
            "dcim",
            "rearporttemplate"
        ],
        "codename": "change_rearporttemplate"
    }
},
{
    "model": "auth.permission",
    "fields": {
        "name": "Can delete rear port template",
        "content_type": [
            "dcim",
            "rearporttemplate"
        ],
        "codename": "delete_rearporttemplate"
    }
},
{
    "model": "auth.permission",
    "fields": {
        "name": "Can view rear port template",
        "content_type": [
            "dcim",
            "rearporttemplate"
        ],
        "codename": "view_rearporttemplate"
    }
},
{
    "model": "auth.permission",
    "fields": {
        "name": "Can add console server port",
        "content_type": [
            "dcim",
            "consoleserverport"
        ],
        "codename": "add_consoleserverport"
    }
},
{
    "model": "auth.permission",
    "fields": {
        "name": "Can change console server port",
        "content_type": [
            "dcim",
            "consoleserverport"
        ],
        "codename": "change_consoleserverport"
    }
},
{
    "model": "auth.permission",
    "fields": {
        "name": "Can delete console server port",
        "content_type": [
            "dcim",
            "consoleserverport"
        ],
        "codename": "delete_consoleserverport"
    }
},
{
    "model": "auth.permission",
    "fields": {
        "name": "Can view console server port",
        "content_type": [
            "dcim",
            "consoleserverport"
        ],
        "codename": "view_consoleserverport"
    }
},
{
    "model": "auth.permission",
    "fields": {
        "name": "Can add role",
        "content_type": [
            "ipam",
            "role"
        ],
        "codename": "add_role"
    }
},
{
    "model": "auth.permission",
    "fields": {
        "name": "Can change role",
        "content_type": [
            "ipam",
            "role"
        ],
        "codename": "change_role"
    }
},
{
    "model": "auth.permission",
    "fields": {
        "name": "Can delete role",
        "content_type": [
            "ipam",
            "role"
        ],
        "codename": "delete_role"
    }
},
{
    "model": "auth.permission",
    "fields": {
        "name": "Can view role",
        "content_type": [
            "ipam",
            "role"
        ],
        "codename": "view_role"
    }
},
{
    "model": "auth.permission",
    "fields": {
        "name": "Can add VRF",
        "content_type": [
            "ipam",
            "vrf"
        ],
        "codename": "add_vrf"
    }
},
{
    "model": "auth.permission",
    "fields": {
        "name": "Can change VRF",
        "content_type": [
            "ipam",
            "vrf"
        ],
        "codename": "change_vrf"
    }
},
{
    "model": "auth.permission",
    "fields": {
        "name": "Can delete VRF",
        "content_type": [
            "ipam",
            "vrf"
        ],
        "codename": "delete_vrf"
    }
},
{
    "model": "auth.permission",
    "fields": {
        "name": "Can view VRF",
        "content_type": [
            "ipam",
            "vrf"
        ],
        "codename": "view_vrf"
    }
},
{
    "model": "auth.permission",
    "fields": {
        "name": "Can add VLAN group",
        "content_type": [
            "ipam",
            "vlangroup"
        ],
        "codename": "add_vlangroup"
    }
},
{
    "model": "auth.permission",
    "fields": {
        "name": "Can change VLAN group",
        "content_type": [
            "ipam",
            "vlangroup"
        ],
        "codename": "change_vlangroup"
    }
},
{
    "model": "auth.permission",
    "fields": {
        "name": "Can delete VLAN group",
        "content_type": [
            "ipam",
            "vlangroup"
        ],
        "codename": "delete_vlangroup"
    }
},
{
    "model": "auth.permission",
    "fields": {
        "name": "Can view VLAN group",
        "content_type": [
            "ipam",
            "vlangroup"
        ],
        "codename": "view_vlangroup"
    }
},
{
    "model": "auth.permission",
    "fields": {
        "name": "Can add VLAN",
        "content_type": [
            "ipam",
            "vlan"
        ],
        "codename": "add_vlan"
    }
},
{
    "model": "auth.permission",
    "fields": {
        "name": "Can change VLAN",
        "content_type": [
            "ipam",
            "vlan"
        ],
        "codename": "change_vlan"
    }
},
{
    "model": "auth.permission",
    "fields": {
        "name": "Can delete VLAN",
        "content_type": [
            "ipam",
            "vlan"
        ],
        "codename": "delete_vlan"
    }
},
{
    "model": "auth.permission",
    "fields": {
        "name": "Can view VLAN",
        "content_type": [
            "ipam",
            "vlan"
        ],
        "codename": "view_vlan"
    }
},
{
    "model": "auth.permission",
    "fields": {
        "name": "Can add service",
        "content_type": [
            "ipam",
            "service"
        ],
        "codename": "add_service"
    }
},
{
    "model": "auth.permission",
    "fields": {
        "name": "Can change service",
        "content_type": [
            "ipam",
            "service"
        ],
        "codename": "change_service"
    }
},
{
    "model": "auth.permission",
    "fields": {
        "name": "Can delete service",
        "content_type": [
            "ipam",
            "service"
        ],
        "codename": "delete_service"
    }
},
{
    "model": "auth.permission",
    "fields": {
        "name": "Can view service",
        "content_type": [
            "ipam",
            "service"
        ],
        "codename": "view_service"
    }
},
{
    "model": "auth.permission",
    "fields": {
        "name": "Can add RIR",
        "content_type": [
            "ipam",
            "rir"
        ],
        "codename": "add_rir"
    }
},
{
    "model": "auth.permission",
    "fields": {
        "name": "Can change RIR",
        "content_type": [
            "ipam",
            "rir"
        ],
        "codename": "change_rir"
    }
},
{
    "model": "auth.permission",
    "fields": {
        "name": "Can delete RIR",
        "content_type": [
            "ipam",
            "rir"
        ],
        "codename": "delete_rir"
    }
},
{
    "model": "auth.permission",
    "fields": {
        "name": "Can view RIR",
        "content_type": [
            "ipam",
            "rir"
        ],
        "codename": "view_rir"
    }
},
{
    "model": "auth.permission",
    "fields": {
        "name": "Can add IP address",
        "content_type": [
            "ipam",
            "ipaddress"
        ],
        "codename": "add_ipaddress"
    }
},
{
    "model": "auth.permission",
    "fields": {
        "name": "Can change IP address",
        "content_type": [
            "ipam",
            "ipaddress"
        ],
        "codename": "change_ipaddress"
    }
},
{
    "model": "auth.permission",
    "fields": {
        "name": "Can delete IP address",
        "content_type": [
            "ipam",
            "ipaddress"
        ],
        "codename": "delete_ipaddress"
    }
},
{
    "model": "auth.permission",
    "fields": {
        "name": "Can view IP address",
        "content_type": [
            "ipam",
            "ipaddress"
        ],
        "codename": "view_ipaddress"
    }
},
{
    "model": "auth.permission",
    "fields": {
        "name": "Can add aggregate",
        "content_type": [
            "ipam",
            "aggregate"
        ],
        "codename": "add_aggregate"
    }
},
{
    "model": "auth.permission",
    "fields": {
        "name": "Can change aggregate",
        "content_type": [
            "ipam",
            "aggregate"
        ],
        "codename": "change_aggregate"
    }
},
{
    "model": "auth.permission",
    "fields": {
        "name": "Can delete aggregate",
        "content_type": [
            "ipam",
            "aggregate"
        ],
        "codename": "delete_aggregate"
    }
},
{
    "model": "auth.permission",
    "fields": {
        "name": "Can view aggregate",
        "content_type": [
            "ipam",
            "aggregate"
        ],
        "codename": "view_aggregate"
    }
},
{
    "model": "auth.permission",
    "fields": {
        "name": "Can add prefix",
        "content_type": [
            "ipam",
            "prefix"
        ],
        "codename": "add_prefix"
    }
},
{
    "model": "auth.permission",
    "fields": {
        "name": "Can change prefix",
        "content_type": [
            "ipam",
            "prefix"
        ],
        "codename": "change_prefix"
    }
},
{
    "model": "auth.permission",
    "fields": {
        "name": "Can delete prefix",
        "content_type": [
            "ipam",
            "prefix"
        ],
        "codename": "delete_prefix"
    }
},
{
    "model": "auth.permission",
    "fields": {
        "name": "Can view prefix",
        "content_type": [
            "ipam",
            "prefix"
        ],
        "codename": "view_prefix"
    }
},
{
    "model": "auth.permission",
    "fields": {
        "name": "Can add tagged item",
        "content_type": [
            "extras",
            "taggeditem"
        ],
        "codename": "add_taggeditem"
    }
},
{
    "model": "auth.permission",
    "fields": {
        "name": "Can change tagged item",
        "content_type": [
            "extras",
            "taggeditem"
        ],
        "codename": "change_taggeditem"
    }
},
{
    "model": "auth.permission",
    "fields": {
        "name": "Can delete tagged item",
        "content_type": [
            "extras",
            "taggeditem"
        ],
        "codename": "delete_taggeditem"
    }
},
{
    "model": "auth.permission",
    "fields": {
        "name": "Can view tagged item",
        "content_type": [
            "extras",
            "taggeditem"
        ],
        "codename": "view_taggeditem"
    }
},
{
    "model": "auth.permission",
    "fields": {
        "name": "Can add image attachment",
        "content_type": [
            "extras",
            "imageattachment"
        ],
        "codename": "add_imageattachment"
    }
},
{
    "model": "auth.permission",
    "fields": {
        "name": "Can change image attachment",
        "content_type": [
            "extras",
            "imageattachment"
        ],
        "codename": "change_imageattachment"
    }
},
{
    "model": "auth.permission",
    "fields": {
        "name": "Can delete image attachment",
        "content_type": [
            "extras",
            "imageattachment"
        ],
        "codename": "delete_imageattachment"
    }
},
{
    "model": "auth.permission",
    "fields": {
        "name": "Can view image attachment",
        "content_type": [
            "extras",
            "imageattachment"
        ],
        "codename": "view_imageattachment"
    }
},
{
    "model": "auth.permission",
    "fields": {
        "name": "Can add report result",
        "content_type": [
            "extras",
            "reportresult"
        ],
        "codename": "add_reportresult"
    }
},
{
    "model": "auth.permission",
    "fields": {
        "name": "Can change report result",
        "content_type": [
            "extras",
            "reportresult"
        ],
        "codename": "change_reportresult"
    }
},
{
    "model": "auth.permission",
    "fields": {
        "name": "Can delete report result",
        "content_type": [
            "extras",
            "reportresult"
        ],
        "codename": "delete_reportresult"
    }
},
{
    "model": "auth.permission",
    "fields": {
        "name": "Can view report result",
        "content_type": [
            "extras",
            "reportresult"
        ],
        "codename": "view_reportresult"
    }
},
{
    "model": "auth.permission",
    "fields": {
        "name": "Can add webhook",
        "content_type": [
            "extras",
            "webhook"
        ],
        "codename": "add_webhook"
    }
},
{
    "model": "auth.permission",
    "fields": {
        "name": "Can change webhook",
        "content_type": [
            "extras",
            "webhook"
        ],
        "codename": "change_webhook"
    }
},
{
    "model": "auth.permission",
    "fields": {
        "name": "Can delete webhook",
        "content_type": [
            "extras",
            "webhook"
        ],
        "codename": "delete_webhook"
    }
},
{
    "model": "auth.permission",
    "fields": {
        "name": "Can view webhook",
        "content_type": [
            "extras",
            "webhook"
        ],
        "codename": "view_webhook"
    }
},
{
    "model": "auth.permission",
    "fields": {
        "name": "Can add custom link",
        "content_type": [
            "extras",
            "customlink"
        ],
        "codename": "add_customlink"
    }
},
{
    "model": "auth.permission",
    "fields": {
        "name": "Can change custom link",
        "content_type": [
            "extras",
            "customlink"
        ],
        "codename": "change_customlink"
    }
},
{
    "model": "auth.permission",
    "fields": {
        "name": "Can delete custom link",
        "content_type": [
            "extras",
            "customlink"
        ],
        "codename": "delete_customlink"
    }
},
{
    "model": "auth.permission",
    "fields": {
        "name": "Can view custom link",
        "content_type": [
            "extras",
            "customlink"
        ],
        "codename": "view_customlink"
    }
},
{
    "model": "auth.permission",
    "fields": {
        "name": "Can add custom field value",
        "content_type": [
            "extras",
            "customfieldvalue"
        ],
        "codename": "add_customfieldvalue"
    }
},
{
    "model": "auth.permission",
    "fields": {
        "name": "Can change custom field value",
        "content_type": [
            "extras",
            "customfieldvalue"
        ],
        "codename": "change_customfieldvalue"
    }
},
{
    "model": "auth.permission",
    "fields": {
        "name": "Can delete custom field value",
        "content_type": [
            "extras",
            "customfieldvalue"
        ],
        "codename": "delete_customfieldvalue"
    }
},
{
    "model": "auth.permission",
    "fields": {
        "name": "Can view custom field value",
        "content_type": [
            "extras",
            "customfieldvalue"
        ],
        "codename": "view_customfieldvalue"
    }
},
{
    "model": "auth.permission",
    "fields": {
        "name": "Can add custom field",
        "content_type": [
            "extras",
            "customfield"
        ],
        "codename": "add_customfield"
    }
},
{
    "model": "auth.permission",
    "fields": {
        "name": "Can change custom field",
        "content_type": [
            "extras",
            "customfield"
        ],
        "codename": "change_customfield"
    }
},
{
    "model": "auth.permission",
    "fields": {
        "name": "Can delete custom field",
        "content_type": [
            "extras",
            "customfield"
        ],
        "codename": "delete_customfield"
    }
},
{
    "model": "auth.permission",
    "fields": {
        "name": "Can view custom field",
        "content_type": [
            "extras",
            "customfield"
        ],
        "codename": "view_customfield"
    }
},
{
    "model": "auth.permission",
    "fields": {
        "name": "Can add config context",
        "content_type": [
            "extras",
            "configcontext"
        ],
        "codename": "add_configcontext"
    }
},
{
    "model": "auth.permission",
    "fields": {
        "name": "Can change config context",
        "content_type": [
            "extras",
            "configcontext"
        ],
        "codename": "change_configcontext"
    }
},
{
    "model": "auth.permission",
    "fields": {
        "name": "Can delete config context",
        "content_type": [
            "extras",
            "configcontext"
        ],
        "codename": "delete_configcontext"
    }
},
{
    "model": "auth.permission",
    "fields": {
        "name": "Can view config context",
        "content_type": [
            "extras",
            "configcontext"
        ],
        "codename": "view_configcontext"
    }
},
{
    "model": "auth.permission",
    "fields": {
        "name": "Can add topology map",
        "content_type": [
            "extras",
            "topologymap"
        ],
        "codename": "add_topologymap"
    }
},
{
    "model": "auth.permission",
    "fields": {
        "name": "Can change topology map",
        "content_type": [
            "extras",
            "topologymap"
        ],
        "codename": "change_topologymap"
    }
},
{
    "model": "auth.permission",
    "fields": {
        "name": "Can delete topology map",
        "content_type": [
            "extras",
            "topologymap"
        ],
        "codename": "delete_topologymap"
    }
},
{
    "model": "auth.permission",
    "fields": {
        "name": "Can view topology map",
        "content_type": [
            "extras",
            "topologymap"
        ],
        "codename": "view_topologymap"
    }
},
{
    "model": "auth.permission",
    "fields": {
        "name": "Can add object change",
        "content_type": [
            "extras",
            "objectchange"
        ],
        "codename": "add_objectchange"
    }
},
{
    "model": "auth.permission",
    "fields": {
        "name": "Can change object change",
        "content_type": [
            "extras",
            "objectchange"
        ],
        "codename": "change_objectchange"
    }
},
{
    "model": "auth.permission",
    "fields": {
        "name": "Can delete object change",
        "content_type": [
            "extras",
            "objectchange"
        ],
        "codename": "delete_objectchange"
    }
},
{
    "model": "auth.permission",
    "fields": {
        "name": "Can view object change",
        "content_type": [
            "extras",
            "objectchange"
        ],
        "codename": "view_objectchange"
    }
},
{
    "model": "auth.permission",
    "fields": {
        "name": "Can add graph",
        "content_type": [
            "extras",
            "graph"
        ],
        "codename": "add_graph"
    }
},
{
    "model": "auth.permission",
    "fields": {
        "name": "Can change graph",
        "content_type": [
            "extras",
            "graph"
        ],
        "codename": "change_graph"
    }
},
{
    "model": "auth.permission",
    "fields": {
        "name": "Can delete graph",
        "content_type": [
            "extras",
            "graph"
        ],
        "codename": "delete_graph"
    }
},
{
    "model": "auth.permission",
    "fields": {
        "name": "Can view graph",
        "content_type": [
            "extras",
            "graph"
        ],
        "codename": "view_graph"
    }
},
{
    "model": "auth.permission",
    "fields": {
        "name": "Can add custom field choice",
        "content_type": [
            "extras",
            "customfieldchoice"
        ],
        "codename": "add_customfieldchoice"
    }
},
{
    "model": "auth.permission",
    "fields": {
        "name": "Can change custom field choice",
        "content_type": [
            "extras",
            "customfieldchoice"
        ],
        "codename": "change_customfieldchoice"
    }
},
{
    "model": "auth.permission",
    "fields": {
        "name": "Can delete custom field choice",
        "content_type": [
            "extras",
            "customfieldchoice"
        ],
        "codename": "delete_customfieldchoice"
    }
},
{
    "model": "auth.permission",
    "fields": {
        "name": "Can view custom field choice",
        "content_type": [
            "extras",
            "customfieldchoice"
        ],
        "codename": "view_customfieldchoice"
    }
},
{
    "model": "auth.permission",
    "fields": {
        "name": "Can add tag",
        "content_type": [
            "extras",
            "tag"
        ],
        "codename": "add_tag"
    }
},
{
    "model": "auth.permission",
    "fields": {
        "name": "Can change tag",
        "content_type": [
            "extras",
            "tag"
        ],
        "codename": "change_tag"
    }
},
{
    "model": "auth.permission",
    "fields": {
        "name": "Can delete tag",
        "content_type": [
            "extras",
            "tag"
        ],
        "codename": "delete_tag"
    }
},
{
    "model": "auth.permission",
    "fields": {
        "name": "Can view tag",
        "content_type": [
            "extras",
            "tag"
        ],
        "codename": "view_tag"
    }
},
{
    "model": "auth.permission",
    "fields": {
        "name": "Can add export template",
        "content_type": [
            "extras",
            "exporttemplate"
        ],
        "codename": "add_exporttemplate"
    }
},
{
    "model": "auth.permission",
    "fields": {
        "name": "Can change export template",
        "content_type": [
            "extras",
            "exporttemplate"
        ],
        "codename": "change_exporttemplate"
    }
},
{
    "model": "auth.permission",
    "fields": {
        "name": "Can delete export template",
        "content_type": [
            "extras",
            "exporttemplate"
        ],
        "codename": "delete_exporttemplate"
    }
},
{
    "model": "auth.permission",
    "fields": {
        "name": "Can view export template",
        "content_type": [
            "extras",
            "exporttemplate"
        ],
        "codename": "view_exporttemplate"
    }
},
{
    "model": "auth.permission",
    "fields": {
        "name": "Can add session key",
        "content_type": [
            "secrets",
            "sessionkey"
        ],
        "codename": "add_sessionkey"
    }
},
{
    "model": "auth.permission",
    "fields": {
        "name": "Can change session key",
        "content_type": [
            "secrets",
            "sessionkey"
        ],
        "codename": "change_sessionkey"
    }
},
{
    "model": "auth.permission",
    "fields": {
        "name": "Can delete session key",
        "content_type": [
            "secrets",
            "sessionkey"
        ],
        "codename": "delete_sessionkey"
    }
},
{
    "model": "auth.permission",
    "fields": {
        "name": "Can view session key",
        "content_type": [
            "secrets",
            "sessionkey"
        ],
        "codename": "view_sessionkey"
    }
},
{
    "model": "auth.permission",
    "fields": {
        "name": "Can add secret role",
        "content_type": [
            "secrets",
            "secretrole"
        ],
        "codename": "add_secretrole"
    }
},
{
    "model": "auth.permission",
    "fields": {
        "name": "Can change secret role",
        "content_type": [
            "secrets",
            "secretrole"
        ],
        "codename": "change_secretrole"
    }
},
{
    "model": "auth.permission",
    "fields": {
        "name": "Can delete secret role",
        "content_type": [
            "secrets",
            "secretrole"
        ],
        "codename": "delete_secretrole"
    }
},
{
    "model": "auth.permission",
    "fields": {
        "name": "Can view secret role",
        "content_type": [
            "secrets",
            "secretrole"
        ],
        "codename": "view_secretrole"
    }
},
{
    "model": "auth.permission",
    "fields": {
        "name": "Can add secret",
        "content_type": [
            "secrets",
            "secret"
        ],
        "codename": "add_secret"
    }
},
{
    "model": "auth.permission",
    "fields": {
        "name": "Can change secret",
        "content_type": [
            "secrets",
            "secret"
        ],
        "codename": "change_secret"
    }
},
{
    "model": "auth.permission",
    "fields": {
        "name": "Can delete secret",
        "content_type": [
            "secrets",
            "secret"
        ],
        "codename": "delete_secret"
    }
},
{
    "model": "auth.permission",
    "fields": {
        "name": "Can view secret",
        "content_type": [
            "secrets",
            "secret"
        ],
        "codename": "view_secret"
    }
},
{
    "model": "auth.permission",
    "fields": {
        "name": "Can add user key",
        "content_type": [
            "secrets",
            "userkey"
        ],
        "codename": "add_userkey"
    }
},
{
    "model": "auth.permission",
    "fields": {
        "name": "Can change user key",
        "content_type": [
            "secrets",
            "userkey"
        ],
        "codename": "change_userkey"
    }
},
{
    "model": "auth.permission",
    "fields": {
        "name": "Can delete user key",
        "content_type": [
            "secrets",
            "userkey"
        ],
        "codename": "delete_userkey"
    }
},
{
    "model": "auth.permission",
    "fields": {
        "name": "Can view user key",
        "content_type": [
            "secrets",
            "userkey"
        ],
        "codename": "view_userkey"
    }
},
{
    "model": "auth.permission",
    "fields": {
        "name": "Can activate user keys for decryption",
        "content_type": [
            "secrets",
            "userkey"
        ],
        "codename": "activate_userkey"
    }
},
{
    "model": "auth.permission",
    "fields": {
        "name": "Can add tenant group",
        "content_type": [
            "tenancy",
            "tenantgroup"
        ],
        "codename": "add_tenantgroup"
    }
},
{
    "model": "auth.permission",
    "fields": {
        "name": "Can change tenant group",
        "content_type": [
            "tenancy",
            "tenantgroup"
        ],
        "codename": "change_tenantgroup"
    }
},
{
    "model": "auth.permission",
    "fields": {
        "name": "Can delete tenant group",
        "content_type": [
            "tenancy",
            "tenantgroup"
        ],
        "codename": "delete_tenantgroup"
    }
},
{
    "model": "auth.permission",
    "fields": {
        "name": "Can view tenant group",
        "content_type": [
            "tenancy",
            "tenantgroup"
        ],
        "codename": "view_tenantgroup"
    }
},
{
    "model": "auth.permission",
    "fields": {
        "name": "Can add tenant",
        "content_type": [
            "tenancy",
            "tenant"
        ],
        "codename": "add_tenant"
    }
},
{
    "model": "auth.permission",
    "fields": {
        "name": "Can change tenant",
        "content_type": [
            "tenancy",
            "tenant"
        ],
        "codename": "change_tenant"
    }
},
{
    "model": "auth.permission",
    "fields": {
        "name": "Can delete tenant",
        "content_type": [
            "tenancy",
            "tenant"
        ],
        "codename": "delete_tenant"
    }
},
{
    "model": "auth.permission",
    "fields": {
        "name": "Can view tenant",
        "content_type": [
            "tenancy",
            "tenant"
        ],
        "codename": "view_tenant"
    }
},
{
    "model": "auth.permission",
    "fields": {
        "name": "Can add token",
        "content_type": [
            "users",
            "token"
        ],
        "codename": "add_token"
    }
},
{
    "model": "auth.permission",
    "fields": {
        "name": "Can change token",
        "content_type": [
            "users",
            "token"
        ],
        "codename": "change_token"
    }
},
{
    "model": "auth.permission",
    "fields": {
        "name": "Can delete token",
        "content_type": [
            "users",
            "token"
        ],
        "codename": "delete_token"
    }
},
{
    "model": "auth.permission",
    "fields": {
        "name": "Can view token",
        "content_type": [
            "users",
            "token"
        ],
        "codename": "view_token"
    }
},
{
    "model": "auth.permission",
    "fields": {
        "name": "Can add cluster",
        "content_type": [
            "virtualization",
            "cluster"
        ],
        "codename": "add_cluster"
    }
},
{
    "model": "auth.permission",
    "fields": {
        "name": "Can change cluster",
        "content_type": [
            "virtualization",
            "cluster"
        ],
        "codename": "change_cluster"
    }
},
{
    "model": "auth.permission",
    "fields": {
        "name": "Can delete cluster",
        "content_type": [
            "virtualization",
            "cluster"
        ],
        "codename": "delete_cluster"
    }
},
{
    "model": "auth.permission",
    "fields": {
        "name": "Can view cluster",
        "content_type": [
            "virtualization",
            "cluster"
        ],
        "codename": "view_cluster"
    }
},
{
    "model": "auth.permission",
    "fields": {
        "name": "Can add cluster group",
        "content_type": [
            "virtualization",
            "clustergroup"
        ],
        "codename": "add_clustergroup"
    }
},
{
    "model": "auth.permission",
    "fields": {
        "name": "Can change cluster group",
        "content_type": [
            "virtualization",
            "clustergroup"
        ],
        "codename": "change_clustergroup"
    }
},
{
    "model": "auth.permission",
    "fields": {
        "name": "Can delete cluster group",
        "content_type": [
            "virtualization",
            "clustergroup"
        ],
        "codename": "delete_clustergroup"
    }
},
{
    "model": "auth.permission",
    "fields": {
        "name": "Can view cluster group",
        "content_type": [
            "virtualization",
            "clustergroup"
        ],
        "codename": "view_clustergroup"
    }
},
{
    "model": "auth.permission",
    "fields": {
        "name": "Can add virtual machine",
        "content_type": [
            "virtualization",
            "virtualmachine"
        ],
        "codename": "add_virtualmachine"
    }
},
{
    "model": "auth.permission",
    "fields": {
        "name": "Can change virtual machine",
        "content_type": [
            "virtualization",
            "virtualmachine"
        ],
        "codename": "change_virtualmachine"
    }
},
{
    "model": "auth.permission",
    "fields": {
        "name": "Can delete virtual machine",
        "content_type": [
            "virtualization",
            "virtualmachine"
        ],
        "codename": "delete_virtualmachine"
    }
},
{
    "model": "auth.permission",
    "fields": {
        "name": "Can view virtual machine",
        "content_type": [
            "virtualization",
            "virtualmachine"
        ],
        "codename": "view_virtualmachine"
    }
},
{
    "model": "auth.permission",
    "fields": {
        "name": "Can add cluster type",
        "content_type": [
            "virtualization",
            "clustertype"
        ],
        "codename": "add_clustertype"
    }
},
{
    "model": "auth.permission",
    "fields": {
        "name": "Can change cluster type",
        "content_type": [
            "virtualization",
            "clustertype"
        ],
        "codename": "change_clustertype"
    }
},
{
    "model": "auth.permission",
    "fields": {
        "name": "Can delete cluster type",
        "content_type": [
            "virtualization",
            "clustertype"
        ],
        "codename": "delete_clustertype"
    }
},
{
    "model": "auth.permission",
    "fields": {
        "name": "Can view cluster type",
        "content_type": [
            "virtualization",
            "clustertype"
        ],
        "codename": "view_clustertype"
    }
},
{
    "model": "auth.permission",
    "fields": {
        "name": "Can add script",
        "content_type": [
            "extras",
            "script"
        ],
        "codename": "add_script"
    }
},
{
    "model": "auth.permission",
    "fields": {
        "name": "Can change script",
        "content_type": [
            "extras",
            "script"
        ],
        "codename": "change_script"
    }
},
{
    "model": "auth.permission",
    "fields": {
        "name": "Can delete script",
        "content_type": [
            "extras",
            "script"
        ],
        "codename": "delete_script"
    }
},
{
    "model": "auth.permission",
    "fields": {
        "name": "Can view script",
        "content_type": [
            "extras",
            "script"
        ],
        "codename": "view_script"
    }
},
{
    "model": "auth.permission",
    "fields": {
        "name": "Can run script",
        "content_type": [
            "extras",
            "script"
        ],
        "codename": "run_script"
    }
},
{
    "model": "auth.user",
    "fields": {
        "password": "pbkdf2_sha256$150000$8X6FHnT5U0vC$Xg5oc9TrHCE1HYfBTQL1Mnr+WObSNwwbwPLtjmOD4JI=",
        "last_login": "2019-09-05T19:47:57.761Z",
        "is_superuser": true,
        "username": "admin",
        "first_name": "",
        "last_name": "",
        "email": "",
        "is_staff": true,
        "is_active": true,
        "date_joined": "2019-09-05T19:47:18.136Z",
        "groups": [],
        "user_permissions": []
    }
},
{
    "model": "extras.objectchange",
    "pk": 1,
    "fields": {
        "time": "2019-09-05T19:51:28.920Z",
        "user": [
            "admin"
        ],
        "user_name": "admin",
        "request_id": "ff13b6de-3121-4881-b7a9-21f3f711c34a",
        "action": 3,
        "changed_object_type": [
            "dcim",
            "rack"
        ],
        "changed_object_id": 112,
        "related_object_type": null,
        "related_object_id": null,
        "object_repr": "R204 (1430:0204)",
        "object_data": {
            "name": "R204",
            "role": 21,
            "site": 76,
            "tags": [],
            "type": null,
            "group": 14,
            "width": 19,
            "serial": "",
            "status": 3,
            "tenant": null,
            "created": "2019-08-02",
            "comments": "",
            "u_height": 42,
            "asset_tag": null,
            "desc_units": false,
            "outer_unit": null,
            "facility_id": "1430:0204",
            "outer_depth": null,
            "outer_width": null,
            "last_updated": "2019-08-02T20:11:01.768Z",
            "custom_fields": {}
        }
    }
},
{
    "model": "extras.objectchange",
    "pk": 2,
    "fields": {
        "time": "2019-09-05T19:51:28.933Z",
        "user": [
            "admin"
        ],
        "user_name": "admin",
        "request_id": "ff13b6de-3121-4881-b7a9-21f3f711c34a",
        "action": 3,
        "changed_object_type": [
            "dcim",
            "rack"
        ],
        "changed_object_id": 111,
        "related_object_type": null,
        "related_object_id": null,
        "object_repr": "R203 (1430:0203)",
        "object_data": {
            "name": "R203",
            "role": 21,
            "site": 76,
            "tags": [],
            "type": null,
            "group": 14,
            "width": 19,
            "serial": "",
            "status": 3,
            "tenant": null,
            "created": "2019-08-02",
            "comments": "",
            "u_height": 42,
            "asset_tag": null,
            "desc_units": false,
            "outer_unit": null,
            "facility_id": "1430:0203",
            "outer_depth": null,
            "outer_width": null,
            "last_updated": "2019-08-02T20:11:01.761Z",
            "custom_fields": {}
        }
    }
},
{
    "model": "extras.objectchange",
    "pk": 3,
    "fields": {
        "time": "2019-09-05T19:51:28.940Z",
        "user": [
            "admin"
        ],
        "user_name": "admin",
        "request_id": "ff13b6de-3121-4881-b7a9-21f3f711c34a",
        "action": 3,
        "changed_object_type": [
            "dcim",
            "rack"
        ],
        "changed_object_id": 110,
        "related_object_type": null,
        "related_object_id": null,
        "object_repr": "R202 (1430:0202)",
        "object_data": {
            "name": "R202",
            "role": 20,
            "site": 76,
            "tags": [],
            "type": null,
            "group": 14,
            "width": 19,
            "serial": "",
            "status": 3,
            "tenant": null,
            "created": "2019-08-02",
            "comments": "",
            "u_height": 42,
            "asset_tag": null,
            "desc_units": false,
            "outer_unit": null,
            "facility_id": "1430:0202",
            "outer_depth": null,
            "outer_width": null,
            "last_updated": "2019-08-02T20:11:01.755Z",
            "custom_fields": {}
        }
    }
},
{
    "model": "extras.objectchange",
    "pk": 4,
    "fields": {
        "time": "2019-09-05T19:51:28.949Z",
        "user": [
            "admin"
        ],
        "user_name": "admin",
        "request_id": "ff13b6de-3121-4881-b7a9-21f3f711c34a",
        "action": 3,
        "changed_object_type": [
            "dcim",
            "rack"
        ],
        "changed_object_id": 109,
        "related_object_type": null,
        "related_object_id": null,
        "object_repr": "R201 (1430:0201)",
        "object_data": {
            "name": "R201",
            "role": 20,
            "site": 76,
            "tags": [],
            "type": null,
            "group": 14,
            "width": 19,
            "serial": "",
            "status": 3,
            "tenant": null,
            "created": "2019-08-02",
            "comments": "",
            "u_height": 42,
            "asset_tag": null,
            "desc_units": false,
            "outer_unit": null,
            "facility_id": "1430:0201",
            "outer_depth": null,
            "outer_width": null,
            "last_updated": "2019-08-02T20:11:01.749Z",
            "custom_fields": {}
        }
    }
},
{
    "model": "extras.objectchange",
    "pk": 5,
    "fields": {
        "time": "2019-09-05T19:51:28.956Z",
        "user": [
            "admin"
        ],
        "user_name": "admin",
        "request_id": "ff13b6de-3121-4881-b7a9-21f3f711c34a",
        "action": 3,
        "changed_object_type": [
            "dcim",
            "rack"
        ],
        "changed_object_id": 108,
        "related_object_type": null,
        "related_object_id": null,
        "object_repr": "R104 (1430:0104)",
        "object_data": {
            "name": "R104",
            "role": 20,
            "site": 76,
            "tags": [],
            "type": null,
            "group": 14,
            "width": 19,
            "serial": "",
            "status": 3,
            "tenant": null,
            "created": "2019-08-02",
            "comments": "",
            "u_height": 42,
            "asset_tag": null,
            "desc_units": false,
            "outer_unit": null,
            "facility_id": "1430:0104",
            "outer_depth": null,
            "outer_width": null,
            "last_updated": "2019-08-02T20:11:01.742Z",
            "custom_fields": {}
        }
    }
},
{
    "model": "extras.objectchange",
    "pk": 6,
    "fields": {
        "time": "2019-09-05T19:51:28.964Z",
        "user": [
            "admin"
        ],
        "user_name": "admin",
        "request_id": "ff13b6de-3121-4881-b7a9-21f3f711c34a",
        "action": 3,
        "changed_object_type": [
            "dcim",
            "rack"
        ],
        "changed_object_id": 107,
        "related_object_type": null,
        "related_object_id": null,
        "object_repr": "R103 (1430:0103)",
        "object_data": {
            "name": "R103",
            "role": 20,
            "site": 76,
            "tags": [],
            "type": null,
            "group": 14,
            "width": 19,
            "serial": "",
            "status": 3,
            "tenant": null,
            "created": "2019-08-02",
            "comments": "",
            "u_height": 42,
            "asset_tag": null,
            "desc_units": false,
            "outer_unit": null,
            "facility_id": "1430:0103",
            "outer_depth": null,
            "outer_width": null,
            "last_updated": "2019-08-02T20:11:01.736Z",
            "custom_fields": {}
        }
    }
},
{
    "model": "extras.objectchange",
    "pk": 7,
    "fields": {
        "time": "2019-09-05T19:51:28.972Z",
        "user": [
            "admin"
        ],
        "user_name": "admin",
        "request_id": "ff13b6de-3121-4881-b7a9-21f3f711c34a",
        "action": 3,
        "changed_object_type": [
            "dcim",
            "rack"
        ],
        "changed_object_id": 106,
        "related_object_type": null,
        "related_object_id": null,
        "object_repr": "R102 (1430:0102)",
        "object_data": {
            "name": "R102",
            "role": 20,
            "site": 76,
            "tags": [],
            "type": null,
            "group": 14,
            "width": 19,
            "serial": "",
            "status": 3,
            "tenant": null,
            "created": "2019-08-02",
            "comments": "",
            "u_height": 42,
            "asset_tag": null,
            "desc_units": false,
            "outer_unit": null,
            "facility_id": "1430:0102",
            "outer_depth": null,
            "outer_width": null,
            "last_updated": "2019-08-02T20:11:01.729Z",
            "custom_fields": {}
        }
    }
},
{
    "model": "extras.objectchange",
    "pk": 8,
    "fields": {
        "time": "2019-09-05T19:51:28.980Z",
        "user": [
            "admin"
        ],
        "user_name": "admin",
        "request_id": "ff13b6de-3121-4881-b7a9-21f3f711c34a",
        "action": 3,
        "changed_object_type": [
            "dcim",
            "rack"
        ],
        "changed_object_id": 105,
        "related_object_type": null,
        "related_object_id": null,
        "object_repr": "R101 (1430:0101)",
        "object_data": {
            "name": "R101",
            "role": 19,
            "site": 76,
            "tags": [],
            "type": null,
            "group": 14,
            "width": 19,
            "serial": "",
            "status": 3,
            "tenant": null,
            "created": "2019-08-02",
            "comments": "",
            "u_height": 42,
            "asset_tag": null,
            "desc_units": false,
            "outer_unit": null,
            "facility_id": "1430:0101",
            "outer_depth": null,
            "outer_width": null,
            "last_updated": "2019-08-02T20:11:01.723Z",
            "custom_fields": {}
        }
    }
},
{
    "model": "extras.objectchange",
    "pk": 9,
    "fields": {
        "time": "2019-09-05T19:51:35.682Z",
        "user": [
            "admin"
        ],
        "user_name": "admin",
        "request_id": "3e90b670-0203-422c-a5f3-8b504974aca0",
        "action": 3,
        "changed_object_type": [
            "dcim",
            "rackgroup"
        ],
        "changed_object_id": 14,
        "related_object_type": null,
        "related_object_id": null,
        "object_repr": "Cage 1430",
        "object_data": {
            "name": "Cage 1430",
            "site": 76,
            "slug": "cage-1430",
            "created": "2019-08-02",
            "last_updated": "2019-08-02T20:11:01.637Z"
        }
    }
},
{
    "model": "extras.objectchange",
    "pk": 10,
    "fields": {
        "time": "2019-09-05T19:51:35.695Z",
        "user": [
            "admin"
        ],
        "user_name": "admin",
        "request_id": "3e90b670-0203-422c-a5f3-8b504974aca0",
        "action": 3,
        "changed_object_type": [
            "dcim",
            "rackgroup"
        ],
        "changed_object_id": 13,
        "related_object_type": null,
        "related_object_id": null,
        "object_repr": "Cage 1200",
        "object_data": {
            "name": "Cage 1200",
            "site": 75,
            "slug": "cage-1200",
            "created": "2019-08-02",
            "last_updated": "2019-08-02T20:11:01.633Z"
        }
    }
},
{
    "model": "extras.objectchange",
    "pk": 11,
    "fields": {
        "time": "2019-09-05T19:51:35.706Z",
        "user": [
            "admin"
        ],
        "user_name": "admin",
        "request_id": "3e90b670-0203-422c-a5f3-8b504974aca0",
        "action": 3,
        "changed_object_type": [
            "dcim",
            "site"
        ],
        "changed_object_id": 76,
        "related_object_type": null,
        "related_object_id": null,
        "object_repr": "DC West",
        "object_data": {
            "asn": null,
            "name": "DC West",
            "slug": "dc-west",
            "tags": [],
            "region": null,
            "status": 1,
            "tenant": null,
            "created": "2019-08-02",
            "comments": "",
            "facility": "",
            "latitude": null,
            "longitude": null,
            "time_zone": null,
            "description": "",
            "contact_name": "",
            "last_updated": "2019-08-02T20:11:01.635Z",
            "contact_email": "",
            "contact_phone": "",
            "custom_fields": {},
            "physical_address": "",
            "shipping_address": ""
        }
    }
},
{
    "model": "extras.objectchange",
    "pk": 12,
    "fields": {
        "time": "2019-09-05T19:51:35.717Z",
        "user": [
            "admin"
        ],
        "user_name": "admin",
        "request_id": "3e90b670-0203-422c-a5f3-8b504974aca0",
        "action": 3,
        "changed_object_type": [
            "dcim",
            "site"
        ],
        "changed_object_id": 75,
        "related_object_type": null,
        "related_object_id": null,
        "object_repr": "DC East",
        "object_data": {
            "asn": null,
            "name": "DC East",
            "slug": "dc-east",
            "tags": [],
            "region": null,
            "status": 1,
            "tenant": null,
            "created": "2019-08-02",
            "comments": "",
            "facility": "",
            "latitude": null,
            "longitude": null,
            "time_zone": null,
            "description": "",
            "contact_name": "",
            "last_updated": "2019-08-02T20:11:01.630Z",
            "contact_email": "",
            "contact_phone": "",
            "custom_fields": {},
            "physical_address": "",
            "shipping_address": ""
        }
    }
}
]
